record_id,entity_type,main_category,main_category_slug,subcategory,subcategory_slug,business_name,business_slug,professional_title,organization,short_description,longer_factual_description,website_url,phone,email,street_address,city,state,state_code,zip,country,location_type,service_area,hours,services,year_established,social_profiles,logo_url,official_source_url,secondary_source_urls,source_notes,source_checked_date,verification_confidence,data_quality_notes,candidate_status
automotive-auto-detailing-001,business,Automotive,automotive,Auto Detailing,auto-detailing,DetailXPerts,detailxperts,,,"DetailXPerts is a mobile car detailing and commercial cleaning franchise company based in Chattanooga, Tennessee.","DetailXPerts provides eco-friendly steam-based mobile car wash, auto detailing, fleet cleaning, and commercial cleaning services through franchised units. The franchisor's disclosure document lists its address as 6121 Heritage Park Drive, Suite A, Chattanooga, Tennessee 37416, with phone 877-317-9737. Its official site describes steam cleaning that uses about a pint of water per car.",https://www.detailxperts.net/,877-317-9737,admin@detailxperts.net,"6121 Heritage Park Drive, Suite A",Chattanooga,Tennessee,TN,37416,US,national,United States,,Mobile car wash | Auto detailing | Fleet services | Commercial cleaning,,,,https://www.detailxperts.net/,https://franchisepanda.com/download-franchise-disclosure-document-preview/detailxperts/2020 | https://pmarketresearch.com/worldwide-car-detailing-franchises-market-research/,"Official site verified loading 2026-10-05; homepage lists services Mobile Car Wash, Fleet Services, Commercial Cleaning, Auto Detailing. The franchisor's own Franchise Disclosure Document (hosted by franchisepanda) confirms the Chattanooga, TN address, phone 877-317-9737, and email admin@detailxperts.net. Chosen as replacement for Ziebart, whose domain was policy-blocked for verification.",2026-10-05,medium,"HQ city has a conflicting secondary report (one market research source lists Indianapolis, IN); the franchisor's own FDD states Chattanooga, TN, which is used here. Founding year not stated on the official site.",accepted
automotive-auto-parts-001,business,Automotive,automotive,Auto Parts,auto-parts,AutoZone,autozone,,,"AutoZone is a national auto parts retailer headquartered in Memphis, Tennessee.","AutoZone sells automotive parts and accessories through stores across the United States and online at autozone.com. The company was founded in 1979 and is headquartered in Memphis, Tennessee. Its site lists parts including batteries, brakes, engine oil, filters, spark plugs, and alternators, plus free in-store services.",https://www.autozone.com/,1-800-288-6966,,,Memphis,Tennessee,TN,,US,national,United States,,Batteries | Brake pads and rotors | Engine oil and filters | Spark plugs | Alternators | Wipers | Lighting | Free store services,,,,https://www.autozone.com/,https://en.wikipedia.org/wiki/AutoZone,"Official site verified loading 2026-10-05 with homepage listing parts categories. Wikipedia confirms HQ in Memphis, TN and founding in 1979. Customer care number 1-800-288-6966 from company contact listings.",2026-10-05,high,,accepted
automotive-auto-repair-001,business,Automotive,automotive,Auto Repair,auto-repair,Firestone Complete Auto Care,firestone-complete-auto-care,,,"Firestone Complete Auto Care operates auto repair shops across the United States, providing vehicle maintenance and repair services.","Firestone Complete Auto Care is a national auto care chain operated by Bridgestone Retail Operations, with its corporate address listed in Nashville, Tennessee. Its publicly listed services include tires, oil changes, brake repair, batteries, and wheel alignment. The company states it has been servicing vehicles since 1926 and operates around 1,800 locations.",https://www.firestonecompleteautocare.com/,,,200 4th Avenue S,Nashville,Tennessee,TN,37201,US,national,United States,,Tires | Oil changes | Brake repair | Batteries | Wheel alignment,1926,,,https://www.firestonecompleteautocare.com/,https://en.wikipedia.org/wiki/Firestone_Tire_and_Rubber_Company | https://www.prnewswire.com/news-releases/firestone-complete-auto-care-celebrates-100-years-of-trusted-service-302790903.html,"Official site verified loading 2026-10-05; footer lists corporate address 'Firestone, 200 4th Avenue S, Nashville, TN 37201' and states 'servicing every make and model that drives in... since 1926' with services Tires, Oil Change, Brakes, Batteries, Alignment. Wikipedia confirms Firestone Complete Auto Care is Firestone's auto maintenance and repair division; the company's own centennial press release confirms the 1926 origin and 1,800+ stores.",2026-10-05,high,,accepted
automotive-body-shop-001,business,Automotive,automotive,Body Shop,body-shop,Gerber Collision & Glass,gerber-collision-glass,,,"Gerber Collision & Glass provides collision repair and auto glass services at locations across North America, with its corporate office in Elmhurst, Illinois.","Gerber Collision & Glass has served vehicle owners for over 80 years, offering collision repair, auto body repair, windshield replacement, and auto glass repair. Its official site lists its corporate office at 400 W Grand Ave, Elmhurst, IL 60126 with phone (877) 743-7237, and a national lifetime guarantee on workmanship. The company is part of the Boyd Group.",https://www.gerbercollision.com/,(877) 743-7237,,400 W Grand Ave,Elmhurst,Illinois,IL,60126,US,national,United States,,Collision repair | Auto body repair | Windshield replacement | Auto glass repair,,,,https://www.gerbercollision.com/,https://www.fenderbender.com/news/article/55049206/gerber-national-glass-services-announces-rebranding,"Official site verified loading 2026-10-05; footer confirms corporate office 'Gerber Collision & Glass, 400 W Grand Ave, Elmhurst, IL 60126. (877) 743-7237' and homepage describes collision repair and auto glass services. Industry press (Fender Bender) confirms Gerber operates under The Boyd Group.",2026-10-05,high,,accepted
automotive-car-dealership-001,business,Automotive,automotive,Car Dealership,car-dealership,CarMax,carmax,,,"CarMax is a national retailer of used cars headquartered in Richmond, Virginia.","CarMax operates used-car dealerships across the United States, where customers can buy and sell vehicles in store and online. Founded in 1993, the company is headquartered in Richmond, Virginia, and operates more than 250 locations.",https://www.carmax.com/,,,,Richmond,Virginia,VA,,US,national,United States,,,,,,https://www.carmax.com/,https://en.wikipedia.org/wiki/CarMax,"Official domain carmax.com confirmed verbatim in search results; Wikipedia confirms HQ in Richmond, VA, founding in September 1993, and 253 locations (Jan 2025). Direct page fetch returned HTTP 403 (anti-bot block), not a site-dead signal.",2026-10-05,medium,"Official site could not be text-verified (HTTP 403 anti-bot block on fetch); services list not captured from the official site, so services array left empty. Business existence and HQ confirmed by Wikipedia and BBB.",accepted
automotive-car-wash-001,business,Automotive,automotive,Car Wash,car-wash,Mister Car Wash,mister-car-wash,,,"Mister Car Wash operates car wash locations across the United States, headquartered in Tucson, Arizona.","Mister Car Wash is a car wash chain with locations in multiple states, headquartered at 222 E. 5th Street in Tucson, Arizona. Its official site describes wash products and services including Titanium 360, HotShine carnauba wax, Platinum Repel Shield, and wheel polish, plus unlimited monthly wash memberships.",https://mistercarwash.com/,,,222 E. 5th Street,Tucson,Arizona,AZ,85705,US,national,United States,,Car wash | Unlimited wash memberships | Titanium 360 | HotShine carnauba wax | Platinum Repel Shield | Wheel polish,,,,https://mistercarwash.com/,https://markets.financialcontent.com/redlandsdailyfacts/article/bizwire-2023-11-2-mister-car-wash-announces-third-quarter-2023-financial-results,"Official site verified loading 2026-10-05; homepage describes signature wash products and unlimited memberships. The company's own press release confirms HQ in Tucson, Arizona and 450+ locations.",2026-10-05,high,,accepted
automotive-tire-shop-001,business,Automotive,automotive,Tire Shop,tire-shop,Discount Tire,discount-tire,,,"Discount Tire is a national tire and wheel retailer headquartered in Scottsdale, Arizona.","Discount Tire sells tires and wheels online and in person through stores across the United States. The company was founded in 1960 in Ann Arbor, Michigan, and is headquartered at 20225 North Scottsdale Road, Scottsdale, Arizona.",https://www.discounttire.com/,,,20225 North Scottsdale Road,Scottsdale,Arizona,AZ,85255,US,national,United States,,Tires | Wheels,,,,https://www.discounttire.com/,https://en.wikipedia.org/wiki/Discount_Tire | https://www.bbb.org/us/az/scottsdale/profile/tire-dealers/discount-tire-1126-2240,"Official site verified loading 2026-10-05 (title: 'Discount Tire | Tires and Wheels for Sale | Online & In-Person'). Wikipedia and BBB confirm HQ at 20225 N. Scottsdale Road, Scottsdale, AZ 85255 and founding in 1960.",2026-10-05,high,,accepted
automotive-towing-service-001,business,Automotive,automotive,Towing Service,towing-service,AAA - American Automobile Association,aaa-american-automobile-association,,,"AAA (American Automobile Association) is a national member organization headquartered in Heathrow, Florida, providing roadside assistance including towing.","The American Automobile Association is a federation of motor clubs with national headquarters at 1000 AAA Drive, Heathrow, Florida. Founded in 1902, it provides members with 24/7 roadside assistance, towing, emergency fuel delivery, locksmith services, battery delivery and installation, travel services, and insurance.",https://www.aaa.com/,800-222-4357,,1000 AAA Drive,Heathrow,Florida,FL,32746,US,national,United States,,24/7 roadside assistance | Towing | Emergency fuel delivery | Locksmith services | Battery delivery and installation | Travel services | Auto insurance,,,,https://www.aaa.com/,https://en.wikipedia.org/wiki/American_Automobile_Association | https://corporateofficeheadquarters.com/aaa-corporate-office-headquarters-hq/,"Official site verified loading 2026-10-05; aaa.com page lists 24/7 roadside assistance, towing tiers, emergency fuel delivery, locksmith reimbursement, battery delivery and installation, and roadside number 800-222-4357. Wikipedia confirms national HQ at 1000 AAA Drive, Heathrow, FL 32746 and founding in 1902.",2026-10-05,high,,accepted
beauty-personal-care-barber-001,business,Beauty & Personal Care,beauty-personal-care,Barber,barber,Blind Barber,blind-barber,,,"Blind Barber operates barbershops in several U.S. cities, offering cuts, shaves, and trims.","Blind Barber runs barbershops in cities including New York, Los Angeles, Philadelphia, and Nashville, pairing grooming services with a bar and a line of men's grooming products. Its official site describes shop services of cuts, shaves, and trims, each accompanied by a complimentary cocktail. The company marked its 10th year of business in October 2020.",https://blindbarber.com/,,,,New York,New York,NY,,US,national,"New York, NY; Los Angeles, CA; Philadelphia, PA; Nashville, TN",,Haircut | Beard Trim | Haircut + Beard Trim,2010,,,https://blindbarber.com/,https://wholesale.blindbarber.com/pages/philly | https://ny.racked.com/maps/check-out-16-of-the-best-indie-barbershops-in-nyc,"Official site verified loading 2026-10-05; homepage states 'The Barber Shops: Cuts, Shaves & Trims... All shop services are accompanied by a complimentary cocktail' and cites 10th anniversary in October 2020. The company's own wholesale site lists barber services Haircut, Beard Trim, Haircut + Beard Trim. Racked's NYC barbershop guide independently lists Blind Barber's East Village shop.",2026-10-05,high,"No street-level HQ address published; New York, NY used as base city since the first barbershop opened in NYC's East Village.",accepted
beauty-personal-care-beauty-salon-001,business,Beauty & Personal Care,beauty-personal-care,Beauty Salon,beauty-salon,Drybar,drybar,,,"Drybar operates blowout hair salons across the United States, headquartered in Irvine, California.","Drybar is a salon chain focused on blowout styling services, headquartered in Irvine, California. The salon business operates through Drybar Shops locations, while drybar.com sells the brand's hair care products and styling tools. The chain is widely covered by national media including Forbes.",https://www.drybarshops.com/,,,,Irvine,California,CA,,US,national,United States,,Blowouts,,,,https://www.drybar.com/,https://en.wikipedia.org/wiki/Drybar,"Brand product site drybar.com verified loading 2026-10-05 ('Drybar | Premium Hair Care Created for the Perfect Blowout'); salon site drybarshops.com appeared verbatim in search results but its direct fetch timed out at network level (not a site-dead signal). Wikipedia confirms HQ in Irvine, CA and that Drybar is a chain of salons providing blowout styling. Founding year left null because sources conflict (2008 vs 2010).",2026-10-05,medium,Direct fetch of the salon site (drybarshops.com) timed out and was not retried; the same-brand drybar.com verified loading. Founding year not recorded due to conflicting sources.,accepted
beauty-personal-care-hair-salon-001,business,Beauty & Personal Care,beauty-personal-care,Hair Salon,hair-salon,Great Clips,great-clips,,,"Great Clips is a hair salon franchise chain headquartered in Bloomington, Minnesota.","Great Clips operates franchised hair salons across the United States and Canada. The company's official site lists its address as 4400 W 78th St, Bloomington, MN 55435, and describes walk-in haircuts with online check-in and Clip Notes so customers can get a consistent cut at any salon. It was founded in 1982.",https://www.greatclips.com/,1-800-473-2825,,4400 W 78th St,Bloomington,Minnesota,MN,55435,US,national,United States,,Haircuts | Online check-in,1982,,,https://www.greatclips.com/,https://en.wikipedia.org/wiki/Great_Clips | https://www.greatclips.com/about-us/history,"Official site verified loading 2026-10-05; footer confirms 'Great Clips, 4400 W 78th St, Bloomington, MN, 55435' and homepage describes haircuts with online check-in. The company's own history page states 'Great Clips, Inc. was established in 1982 in Minneapolis'. Wikipedia confirms HQ in Bloomington, MN. Customer service 1-800-473-2825 from company contact listings.",2026-10-05,high,,accepted
beauty-personal-care-makeup-artist-001,business,Beauty & Personal Care,beauty-personal-care,Makeup Artist,makeup-artist,Luigi Chamorro,luigi-chamorro,,,"Luigi Chamorro is a professional makeup artist based in Los Angeles, California.","Luigi Chamorro is a freelance makeup artist working in Los Angeles, previously based in Miami. His official site presents portfolio work across editorial, beauty, grooming, and entertainment categories. His bio notes credits including makeup designer for the Latin American Music Awards and Latin Billboards and editorials for magazines such as Harper's Bazaar and Wonderland.",https://www.luigimakeup.com/,,,,Los Angeles,California,CA,,US,local,"Los Angeles, CA",,Editorial | Beauty | Grooming | Entertainment | Publications,,,,https://www.luigimakeup.com/,https://www.daniknows.com/about-1 | https://brickellmag.com/the-millennial-man/,"Official site verified loading 2026-10-05 (luigimakeup.com, titled 'Luigi Chamorro') with portfolio sections Editorial, Beauty, Grooming, Entertainment, Publications. His official bio states he relocated from Miami to Los Angeles. daniknows.com lists him as an LA-based makeup artist on its pro team; Brickell Magazine credits him for hair and makeup on an editorial shoot.",2026-10-05,medium,No street address or phone published on the official site; city-level location only. Services reflect the site's own portfolio categories.,accepted
beauty-personal-care-massage-001,business,Beauty & Personal Care,beauty-personal-care,Massage,massage,Massage Envy,massage-envy,,,"Massage Envy is a national franchise chain of massage and skincare clinics headquartered in Scottsdale, Arizona.","Massage Envy operates franchised locations across the United States offering massage therapy and skincare services. The company was founded in 2002 and is headquartered at 14350 North 87th Street, Suite 200, Scottsdale, Arizona.",https://www.massageenvy.com/,,,"14350 North 87th Street, Suite 200",Scottsdale,Arizona,AZ,85260,US,national,United States,,,,,,https://www.massageenvy.com/,https://en.wikipedia.org/wiki/Massage_Envy | https://www.bbb.org/us/az/scottsdale/profile/franchise/massage-envy-franchising-llc-1126-1000084953,"Official domain massageenvy.com confirmed verbatim in search results; direct page fetch timed out at network level (not a site-dead signal) and was not retried. Wikipedia and BBB confirm the business, HQ at 14350 North 87th Street, Suite 200, Scottsdale, AZ 85260, and founding in 2002.",2026-10-05,medium,"Official site could not be text-verified (network timeout on fetch); services list not captured from the official site, so services array left empty.",accepted
beauty-personal-care-nail-salon-001,business,Beauty & Personal Care,beauty-personal-care,Nail Salon,nail-salon,Olive & June,olive-and-june,,,Olive & June is a nail care brand with nail salons in the Los Angeles area and products sold nationwide.,"Olive & June sells nail care products, including mani systems, gel polish, and press-on nails, and operates nail salons in the Los Angeles area, including Beverly Hills, Pasadena, and Santa Monica. The company was founded in 2013 and is based in Los Angeles, California.",https://www.oliveandjune.com/,,,,Los Angeles,California,CA,,US,national,United States,,Manicures | Pedicures,2013,,,https://www.oliveandjune.com/,https://www.lelezard.com/en/news-22076141.html | https://www.perdiem.world/los-angeles/olive-and-june/,"Official site verified loading 2026-10-05 with nail product catalog. The company's own press release states Olive & June 'was founded in 2013 by mani-obsessee Sarah Gibson Tuttle in Beverly Hills, California as an elevated salon experience'. Per Diem confirms three LA-area salon locations (Beverly Hills, Pasadena, Santa Monica) offering manicures and pedicures.",2026-10-05,high,HQ street address not published on the official site.,accepted
beauty-personal-care-spa-001,business,Beauty & Personal Care,beauty-personal-care,Spa,spa,Hand & Stone Massage and Facial Spa,hand-and-stone,,,"Hand & Stone Massage and Facial Spa operates day spas across the United States, offering massages and facials.","Hand & Stone is a spa franchise with more than 600 locations nationwide, offering massages and facials. Its official site states it has provided care since 2004. The franchisor's disclosure document lists its headquarters at 1210 Northbrook Drive, Suite 150, Trevose, Pennsylvania 19053.",https://www.handandstone.com/,,,"1210 Northbrook Drive, Suite 150",Trevose,Pennsylvania,PA,19053,US,national,United States,,Massages | Facials,2004,,,https://www.handandstone.com/,https://en.wikipedia.org/wiki/Hand_%26_Stone_Massage_and_Facial_Spa,Official site verified loading 2026-10-05; homepage states 'Trusted care since 2004' and lists treatments 'massages and facials' with '600+ Locations Nationwide'. Wikipedia confirms the franchise chain founded in 2004 by John Marco.,2026-10-05,high,,accepted
business-finance-professionals-accountant-001,professional,Business & Finance,business-finance-professionals,Accountant,accountant,Darren Jossel,darren-jossel-cpa-chicago-il,"Director, Tax Department",CJBS,"Darren Jossel is a Certified Public Accountant and director in the Tax Department at CJBS, an accounting firm in Chicago, Illinois.","Darren Jossel has been a member of the CJBS team since 2018 and currently serves as a director in the firm's Tax Department. His responsibilities include completing tax returns and compilations for clients in industries such as real estate, medical practices, and construction. He previously worked as a senior tax associate at RSM US LLP and at Global Logistics Properties. He earned a Bachelor of Science in Accounting and Management from Indiana University in 2011 and holds a Certified Public Accountant designation in Illinois.",https://cjbs.com/our-team/darren-jossel/,,,,Chicago,Illinois,IL,,US,local,,,Tax return preparation | Compilation services | Tax planning,,,,https://cjbs.com/our-team/darren-jossel/,,"Official CJBS team profile confirms full name, CPA designation (Illinois), title (Director, Tax Department), employer, education, and prior employers. No independent secondary source located; no phone or street address published on the profile.",2026-10-05,medium,Single authoritative source (employer profile). Phone and street address not published; left null.,accepted
business-finance-professionals-bookkeeper-001,professional,Business & Finance,business-finance-professionals,Bookkeeper,bookkeeper,Dawn Gilliland,dawn-gilliland-bookkeeper-marblehead-ma,Principal,Affordable Bookkeeping Services (now Savvy Financial Solutions),"Dawn Gilliland is the principal of Affordable Bookkeeping Services, a bookkeeping firm on the North Shore of Massachusetts.","Dawn Gilliland is the principal of Affordable Bookkeeping Services, which establishes and maintains accounting records for small businesses. She has more than a decade of bookkeeping experience and is a certified QuickBooks ProAdvisor. Before founding the firm, she owned and operated In Touch, a gift shop on Newbury Street in Boston. She holds a bachelor's degree from Northeastern University and a certificate in accounting from Salem State University. The firm's site states it is now Savvy Financial Solutions, based on the North Shore of Massachusetts and serving clients throughout the U.S.",http://qbbookservices.com/about-us/team/,,,,Marblehead,Massachusetts,MA,,US,local,North Shore of Massachusetts; clients throughout the U.S.,,QuickBooks setup | QuickBooks cleanup | QuickBooks training | Bookkeeping maintenance,,,,http://qbbookservices.com/about-us/team/,http://qbbookservices.com/,"Official team page confirms full name (listed as Dawn (Klapper) Gilliland), title (Principal), employer, credentials, and background. Firm homepage confirms the business now operates as Savvy Financial Solutions, based on the North Shore of Massachusetts, serving clients throughout the U.S. Marblehead, MA is stated in team bios as where staff live and work.",2026-10-05,medium,"City (Marblehead) inferred from staff bios and homepage region statement; street address and phone not published, left null.",accepted
business-finance-professionals-business-analyst-001,professional,Business & Finance,business-finance-professionals,Business Analyst,business-analyst,Jessica Wade,jessica-wade-business-analyst-iowa-city-ia,Business Analyst,University of Iowa - University Human Resources,"Jessica Wade is a Business Analyst in University Human Resources at the University of Iowa in Iowa City, Iowa.","Jessica Wade is listed as a Business Analyst in the Business Process Analysis unit of University Human Resources at the University of Iowa. The university's published staff contact page gives her direct phone line and places the unit in the University Services Building at 1 West Prentiss Street in Iowa City, Iowa 52242. University Human Resources offices are open 8 a.m. to 5 p.m. Central time, Monday through Friday.",https://hr.uiowa.edu/contact,319-467-1349,,1 West Prentiss Street,Iowa City,Iowa,IA,52242,US,local,,,,,,,https://hr.uiowa.edu/contact,,"Official University of Iowa HR contact page confirms full name, title (Business Analyst), employer unit (Business Process Analysis, University Human Resources), direct phone, and office address in Iowa City, IA 52242. No independent secondary source located.",2026-10-05,medium,Single authoritative source (employer staff directory). No published focus areas; services left empty.,accepted
business-finance-professionals-business-consultant-001,professional,Business & Finance,business-finance-professionals,Business Consultant,business-consultant,Terrence Craddock,terrence-craddock-blackex-consulting-philadelphia,Founder & Managing Principal,Blackex Consulting,"Terrence Craddock is the Founder and Managing Principal of Blackex Consulting, a business consulting firm in Philadelphia, Pennsylvania.","Terrence Craddock founded Blackex Consulting in Philadelphia to advise owner-led companies with $2M to $50M in revenue. The firm works with businesses in construction and trades, professional services, and multi-site healthcare across Greater Philadelphia and the Mid-Atlantic. Its published services include profit diagnostics, pricing and organizational redesign, fractional CFO and COO leadership, advisory boards, and exit and succession readiness. The firm's site lists its phone number as (215) 240-5699.",https://blackexconsulting.com/,(215) 240-5699,,,Philadelphia,Pennsylvania,PA,,US,local,Greater Philadelphia and the Mid-Atlantic,,Profit diagnostics | Pricing and margin improvement | Organizational design | Fractional CFO and COO services | Exit and succession readiness,,,,https://blackexconsulting.com/,,"Official Blackex Consulting site confirms full name, title (Founder & Managing Principal), employer, Philadelphia PA location, phone, service area, and service list. No independent secondary source located.",2026-10-05,medium,Single authoritative source (employer site). Street address not published; left null. Phone is the firm's published business line.,accepted
business-finance-professionals-financial-analyst-001,professional,Business & Finance,business-finance-professionals,Financial Analyst,financial-analyst,Rick Alteri,rick-alteri-financial-analyst-lake-forest-il,Senior Financial Analyst,Crescent Grove Advisors,"Rick Alteri is a Senior Financial Analyst at Crescent Grove Advisors in Lake Forest, Illinois.","Rick Alteri is a Senior Financial Analyst at Crescent Grove Advisors, where he supports senior client advisers in implementing customized financial solutions for C-suite executives, business owners, and their families. He has over twenty years of experience in the financial services industry. Before joining the firm, he was a wealth planner for Wells Fargo for ten years and began his career at the Ayco Company as a financial analyst preparing tax projections, tax returns, and customized financial plans. He earned a BS in finance from The College of Saint Rose.",https://crescentgroveadvisors.com/team/rick-alteri/,,,,Lake Forest,Illinois,IL,,US,local,,,Financial analysis | Financial planning support | Tax projections | Customized financial solutions,,,,https://crescentgroveadvisors.com/team/rick-alteri/,,"Official Crescent Grove Advisors team page confirms full name, title (Senior Financial Analyst), employer, Lake Forest IL location, career history, and education. No independent secondary source located.",2026-10-05,medium,Single authoritative source (employer profile). Phone and street address not published; left null.,accepted
business-finance-professionals-hr-specialist-001,professional,Business & Finance,business-finance-professionals,HR Specialist,hr-specialist,Amy Emory,amy-emory-hr-specialist-buies-creek-nc,HR Specialist,Campbell University - Human Resources,"Amy Emory is an HR Specialist in the Human Resources office at Campbell University in Buies Creek, North Carolina.","Amy Emory is listed as an HR Specialist in the Human Resources staff directory at Campbell University. The university publishes her office phone number and email address for business contact. The Human Resources office is located at 143 Main Street, Buies Creek, NC 27506.",https://www.campbell.edu/faculty-staff/human-resources/about-human-resources/hr-staff-directory/,(910) 893-1699,emorya@campbell.edu,143 Main Street,Buies Creek,North Carolina,NC,27506,US,local,,,,,,,https://www.campbell.edu/faculty-staff/human-resources/about-human-resources/hr-staff-directory/,,"Official Campbell University HR staff directory confirms full name, title (HR Specialist), employer, published office phone, published business email, and office address in Buies Creek, NC 27506. No independent secondary source located.",2026-10-05,medium,Single authoritative source (employer staff directory). Phone and email are published for business contact. No published focus areas; services left empty.,accepted
business-finance-professionals-project-manager-001,professional,Business & Finance,business-finance-professionals,Project Manager,project-manager,Kelly Penick,kelly-penick-project-manager-fredericksburg-va,Architect / Project Manager,Wack General Contractor,"Kelly Penick is an Architect and Project Manager at Wack General Contractor in Fredericksburg, Virginia.","Kelly Penick serves as Architect and Project Manager at Wack General Contractor, a commercial general contractor in Virginia. She is a licensed architect with a career spanning over 10 years in architectural projects ranging from residential to commercial development. She also serves as a member of the City of Fredericksburg Architectural Review Board. She holds a Bachelor's degree in Architecture from Virginia Tech.",https://wackgc.com/meet-the-team/,,,,Fredericksburg,Virginia,VA,,US,local,,,Construction project management | Architectural design services,,,,https://wackgc.com/meet-the-team/,,"Official Wack General Contractor team page confirms full name, dual title (Architect / Project Manager), employer, Virginia location, licensure, Architectural Review Board role, and education. No independent secondary source located.",2026-10-05,medium,City (Fredericksburg) based on the firm's stated Fredericksburg marketplace and the subject's City of Fredericksburg Architectural Review Board membership. Phone and street address not published; left null.,accepted
business-finance-professionals-recruiter-001,professional,Business & Finance,business-finance-professionals,Recruiter,recruiter,Erica Silverstein,erica-silverstein-recruiter-plattsburgh-ny,Senior Recruiter,ETS,"Erica Silverstein is a Senior Recruiter at ETS, a staffing agency headquartered in Plattsburgh, New York.","Erica Silverstein is a Senior Recruiter at ETS, a staffing agency with offices in Plattsburgh and Troy, New York, and Williston, Vermont. She specializes in recruiting for entry, mid, and professional level roles. She graduated from the University of Connecticut in 2016 with a Bachelor of Science and joined ETS through her own job search. ETS lists its Plattsburgh headquarters at 186 US Oval, Plattsburgh, NY 12903, with phone (518) 562-4673.",https://www.etsjobs.com/blog/job-seekers/meet-the-team-erica-sr-recruiter/,(518) 562-4673,,186 US Oval,Plattsburgh,New York,NY,12903,US,local,"Plattsburgh NY, Capital Region NY, Burlington VT",,Entry-level recruiting | Mid-level recruiting | Professional-level recruiting,,,,https://www.etsjobs.com/blog/job-seekers/meet-the-team-erica-sr-recruiter/,,"Official ETS 'Meet the Team' profile confirms full name, title (Senior Recruiter), employer, recruiting focus areas, education, and career path. The same page lists ETS office locations and the Plattsburgh HQ address and phone. No independent secondary source located.",2026-10-05,medium,Single authoritative source (employer profile). Phone and address are the firm's published HQ contact details shown on her profile page.,accepted
cleaning-maintenance-carpet-cleaning-001,business,Cleaning & Janitorial,cleaning-maintenance,Carpet Cleaning,carpet-cleaning,Stanley Steemer,stanley-steemer,,,"Stanley Steemer is a carpet and home cleaning company headquartered in Dublin, Ohio.","The company provides residential and commercial cleaning services at locations across 49 states, according to secondary sources. Its listed services include carpet cleaning, air duct cleaning, tile and grout cleaning, hardwood floor cleaning, and water damage remediation. The company states it has been cleaning carpets since 1947.",http://www.stanleysteemer.com,1-800-783-3637,,5800 Innovation Drive,Dublin,Ohio,OH,43016,US,national,United States (49 states),,Carpet cleaning | Air duct cleaning | Furniture and upholstery cleaning | Tile and grout cleaning | Hardwood floor cleaning | Area rug cleaning | Natural stone care | Water damage remediation,1947,,,http://www.stanleysteemer.com,https://en.wikipedia.org/wiki/Stanley_Steemer,"Official website (stanleysteemer.com) confirmed live 2026-10-05: full residential/commercial cleaning services list, phone 1-800-783-3637, and 'we've been helping families like yours get back to fresh since 1947' founding statement. Wikipedia confirms headquarters in Dublin, Ohio and founding in 1947. Secondary company data confirms HQ address 5800 Innovation Drive, Dublin, OH 43016.",2026-10-05,high,HQ street address from secondary company-data sources; HQ city/state confirmed by Wikipedia.,accepted
cleaning-maintenance-commercial-janitorial-001,business,Cleaning & Janitorial,cleaning-maintenance,Commercial Janitorial,commercial-janitorial,ServiceMaster Clean,servicemaster-clean,,,"ServiceMaster Clean is a commercial cleaning franchise company headquartered in Memphis, Tennessee.","The company provides janitorial and commercial cleaning services through locally owned franchises. Its listed services include janitorial services, disinfection cleaning, specialty cleaning, and construction cleanup. The brand serves facilities including offices, healthcare, education, and religious buildings.",https://www.servicemasterclean.com,(844) 325-0707,,150 Peabody Place,Memphis,Tennessee,TN,,US,national,"United States and Canada (1,200+ locations)",,Janitorial services | Comprehensive cleaning services | Project-based cleaning | Disinfection cleaning | Specialty cleaning | Construction cleanup,,,,https://www.servicemasterclean.com,https://en.wikipedia.org/wiki/ServiceMaster_Clean,"Official website (servicemasterclean.com) confirmed live 2026-10-05: commercial cleaning and janitorial services, full services list, phone (844) 325-0707, 1,200+ locations. Wikipedia confirms headquarters in Memphis, Tennessee and commercial cleaning/disinfecion services. Company directory source confirms HQ address 150 Peabody Place, Memphis, TN.",2026-10-05,high,Street address and ZIP for HQ from secondary directory source (zip not confirmed); city/state confirmed by Wikipedia and company sources.,accepted
cleaning-maintenance-house-cleaning-001,business,Cleaning & Janitorial,cleaning-maintenance,House Cleaning,house-cleaning,Merry Maids,merry-maids,,,"Merry Maids is a residential cleaning franchise company headquartered in Atlanta, Georgia.","The company provides home cleaning services through independently owned and operated franchises across the United States and Canada. Its listed services include recurring cleaning, detailed cleaning, and specialty cleaning. The company states its team members are bonded and insured.",https://www.merrymaids.com,888.894.6174,,1 Glenlake Parkway,Atlanta,Georgia,GA,30328,US,national,"United States, Canada, and the United Kingdom",,Recurring cleaning | Detailed cleaning | Specialty cleaning,,,,https://www.merrymaids.com,https://en.wikipedia.org/wiki/Merry_Maids | https://www.yellowpages.com/memphis-tn/mip/merry-maids-limited-partnership-550355373,"Official website (merrymaids.com) confirmed live 2026-10-05: home cleaning services, service types (recurring, detailed, specialty), phone 888.894.6174, corporate footer 'Merry Maids SPC LLC | 1 Glenlake Parkway, Atlanta GA 30328'. Wikipedia confirms the company is a residential cleaning franchisor founded 1979, HQ Memphis TN. Yellow Pages confirms Memphis corporate listing and website.",2026-10-05,high,"Headquarters discrepancy: secondary sources list Memphis, TN while the current official site footer shows a corporate address in Atlanta, GA; record uses the official site's address. Founding year (1979) from secondary source only; year_established left null.",accepted
cleaning-maintenance-junk-removal-001,business,Cleaning & Janitorial,cleaning-maintenance,Junk Removal,junk-removal,College HUNKS Hauling Junk & Moving,college-hunks-hauling-junk-moving,,,"College HUNKS Hauling Junk & Moving is a junk removal and moving company headquartered in Tampa, Florida.","The company operates more than 200 locations across the United States and Canada through company-owned and franchised branches. Its listed services include junk removal and trash pickup, full-service moving, hourly labor, donation pickups, and storage. The company states that up to 70% of hauled items are recycled or donated.",https://collegehunkshaulingjunk.com/,833-626-1326,,4411 W Tampa Bay Blvd,Tampa,Florida,FL,,US,national,United States and Canada (200+ locations),,Junk removal and trash pickup | Full-service moving | Hourly moving and packing | Donation pickups | Storage,,,,https://collegehunkshaulingjunk.com/,https://en.wikipedia.org/wiki/College_Hunks_Hauling_Junk | https://craft.co/college-hunks-hauling-junk,"Official website (collegehunkshaulingjunk.com) confirmed live 2026-10-05: full services list (junk removal, moving, labor, packing, donation pickup, storage), phone 833-626-1326, 200+ locations, 70% recycled/donated claim. Wikipedia confirms headquarters in Tampa, Florida and founding in Washington, D.C. in 2004. Craft.co confirms HQ street address 4411 W Tampa Bay Blvd, Tampa, FL.",2026-10-05,high,"HQ ZIP not published in available sources; left null. Founding year (2004) from secondary source only; the company states '20+ years in business' without a year, so year_established left null.",accepted
cleaning-maintenance-maid-service-001,business,Cleaning & Janitorial,cleaning-maintenance,Maid Service,maid-service,The Maids,the-maids,,,"The Maids is a residential cleaning franchise company headquartered in Omaha, Nebraska.","The company provides house cleaning services through a franchise network across the United States and Canada. Its cleaning teams use a proprietary 22-step deep cleaning system, according to the company. The company was founded in Omaha in 1979, according to secondary sources.",https://www.maids.com,1-800-843-6243,,"9394 West Dodge Road, Suite 140",Omaha,Nebraska,NE,68114,US,national,United States and Canada (180+ franchises),,Residential cleaning | Deep cleaning | 22-Step Healthy Touch Deep Cleaning System,,"{""facebook"": ""https://www.facebook.com/TheMaidsInternational/"", ""instagram"": ""https://www.instagram.com/themaidscorp/"", ""linkedin"": ""https://www.linkedin.com/company/the-maids-international/"", ""twitter"": ""https://twitter.com/themaidscorp""}",,https://www.maids.com/contact-us/,https://www.franchising.com/news/20190829_the_maids_international_celebrates_40_years_as_a_l.html,"Official website contact page (maids.com/contact-us) confirmed live 2026-10-05: corporate office The Maids International, Inc, 9394 West Dodge Road, Suite 140, Omaha, NE 68114, phone 1-800-843-6243, plus exact social profile URLs (Facebook, Twitter, LinkedIn, Instagram). Franchising.com (company-issued release) confirms founding in Omaha in 1979, the 22-Step Healthy Touch Deep Cleaning System, and the franchise network.",2026-10-05,high,Founding year (1979) from company-issued release via secondary outlet; year_established left null per the business-only rule.,accepted
cleaning-maintenance-move-out-cleaning-001,business,Cleaning & Janitorial,cleaning-maintenance,Move-Out Cleaning,move-out-cleaning,Angel Maids,angel-maids,,,"Angel Maids is a cleaning company based in San Antonio, Texas, specializing in move-in and move-out cleaning.","The company provides detailed cleaning for homes, apartments, and rental properties being vacated or occupied. It serves San Antonio and nearby communities across a listed set of local ZIP codes. Bookings can be made by phone or through the company's online quote form.",https://www.myangelmaids.com,(210) 251-3200,jesusbernal.guerrero@gmail.com,"12702 Toepperwein Rd, Suite #234",San Antonio,Texas,TX,78233,US,local,"San Antonio, TX and surrounding areas",,Move-in cleaning | Move-out cleaning | Apartment move-out cleaning | Deep cleaning,,,,https://www.myangelmaids.com/residential/move-in-out-cleaning/,,"Official website (myangelmaids.com/residential/move-in-out-cleaning/) confirmed live 2026-10-05: company name, move-in/move-out cleaning for apartments, homes, and rental properties, phone (210) 251-3200, published contact email jesusbernal.guerrero@gmail.com, address 12702 Toepperwein Rd Suite #234, San Antonio, TX 78233, and San Antonio service-area ZIP codes. No independent secondary source consulted.",2026-10-05,medium,"No independent secondary source consulted; all facts from the company's own official site, which was verified live.",accepted
cleaning-maintenance-post-construction-cleaning-001,business,Cleaning & Janitorial,cleaning-maintenance,Post-Construction Cleaning,post-construction-cleaning,WGE Services,wge-services,,,"WGE Services is a commercial cleaning company based in Austin, Texas.","The locally owned company provides commercial cleaning services across the Austin metro area. Its listed services include office cleaning, medical cleaning, industrial cleaning, janitorial services, and post-construction cleaning. The company states it has served Central Texas businesses for over 40 years.",http://wgeservices.com/,(512) 670-0808,,"1914 Howard Ln, Suite G",Austin,Texas,TX,78728,US,local,"Austin, TX metro area (Central Texas)",,Post-construction cleaning | Construction cleaning | Office cleaning | Medical cleaning | Industrial cleaning | Janitorial services,,,,http://wgeservices.com/,https://www.youtube.com/watch?v=DVeUVxqXE8o,"Official website (wgeservices.com) confirmed live 2026-10-05: company name, commercial cleaning services list (office, medical, industrial), phone (512) 670-0808, locally owned and serving Central Texas. The company's own YouTube channel video confirms post-construction commercial cleaning service, address 1914 Howard Ln, Suite G, Austin, TX 78728, and phone (512) 670-0808.",2026-10-05,high,Street address confirmed via the company's own YouTube channel video description (official channel). Post-construction cleaning confirmed via the company's own YouTube content; other services from the official homepage.,accepted
cleaning-maintenance-pressure-washing-001,business,Cleaning & Janitorial,cleaning-maintenance,Pressure Washing,pressure-washing,Tampa Wash Bros Pressure Washing,tampa-wash-bros-pressure-washing,,,"Tampa Wash Bros Pressure Washing is a pressure washing company based in Tampa, Florida.","The company provides exterior cleaning services for residential and commercial properties in the Tampa area. Its published service area covers Tampa, Hyde Park, Ybor City, Seminole Heights, and surrounding neighborhoods. The company lists its hours as Monday through Saturday, 8:00 AM to 6:00 PM, and states it is available 24/7.",https://tampawashbrospressurewashing.com/,(813) 519-4512,themtampawashbros@gmail.com,1716 E Henry Ave,Tampa,Florida,FL,33610,US,local,"Tampa, FL and surrounding neighborhoods (Hyde Park, Ybor City, Seminole Heights, Davis Islands, Temple Terrace)",Mon-Sat 8:00 AM - 6:00 PM (site also states 24/7 availability),Pressure washing,,,,https://tampawashbrospressurewashing.com/,https://news.indianaheadlines.com/story/543778/tampa-wash-bros-pressure-washing-transforming-tampa-one-clean-surface-at-a-time.html,"Official website (tampawashbrospressurewashing.com) confirmed live 2026-10-05: company name, address 1716 E Henry Ave, Tampa, FL 33610, phone (813) 519-4512, published email themtampawashbros@gmail.com, hours, and Tampa service-area neighborhoods. Independent news article independently confirms the company as a Tampa pressure washing provider at the same address and phone.",2026-10-05,high,"The site's 'Our Services' detail section was not fully captured in the page fetch; services array limited to pressure washing, the firm's stated primary service. Hours show both '24/7' label and Mon-Sat 8am-6pm on the site.",accepted
cleaning-maintenance-window-cleaning-001,business,Cleaning & Janitorial,cleaning-maintenance,Window Cleaning,window-cleaning,Fish Window Cleaning,fish-window-cleaning,,,"Fish Window Cleaning is a window cleaning franchise company headquartered in Chesterfield, Missouri.","The company provides window and specialty cleaning services through more than 270 franchise territories across 45 states, according to the company. Its listed services include interior and exterior window cleaning, gutter cleaning, skylight cleaning, and chandelier cleaning. Fish Window Cleaning states it has more than 45 years of industry experience.",https://www.fishwindowcleaning.com,1-877-707-3474,,217 Chesterfield Towne Centre,Chesterfield,Missouri,MO,,US,national,United States (270+ franchise territories in 45 states),,Window cleaning | Chandelier cleaning | Mirror cleaning | Skylight cleaning | Screen cleaning | Ceiling fan cleaning | Gutter cleaning,,,,https://www.fishwindowcleaning.com/franchise,https://pr.hattiesburg.com/article/Fish-Window-Cleaning-Celebrates-Opening-of-New-Corporate-Headquarters/67f6647163266b2d077b9335,"Official website (fishwindowcleaning.com/franchise) confirmed live 2026-10-05: full window and specialty cleaning services list, 270+ locations, 45+ years experience. Company press release (PR Newswire, via hattiesburg.com) confirms new corporate headquarters at 217 Chesterfield Towne Centre, Chesterfield, MO and founding in St. Louis in 1978. Franchise disclosure document confirms phone 1-877-707-3474.",2026-10-05,high,"HQ moved from Manchester, MO (older FDD address) to Chesterfield, MO (April 2025 press release); record uses the current Chesterfield address. HQ ZIP not published in the release; left null. Founding year (1978) from company release; year_established left null per the business-only rule.",accepted
construction-architectural-design-001,business,Construction & Contractors,construction,Architectural Design,architectural-design,Gensler,gensler,,,"Gensler is a global architecture, design, and planning firm headquartered in San Francisco, California, with 58 offices worldwide.","Gensler is a global design and architecture firm headquartered in San Francisco, California, founded in 1965 by Art Gensler, Drue Gensler, and James Follett. Its services include architecture, brand design, consulting and real estate, digital experience design, interior design, sustainability, and urban strategies and design. The firm operates 58 locations across Asia, Europe, Australia, the Middle East, and the Americas.",https://www.gensler.com,,,,San Francisco,California,CA,,US,national,Worldwide,,Architecture | Brand design | Consulting and real estate | Digital experience design | Interior design | Sustainability consulting | Urban strategies and design,1965,,,https://www.gensler.com/,https://en.wikipedia.org/wiki/Gensler,"Official site (gensler.com) verified live; describes itself as a global architecture, design, and planning firm with 58 locations. Wikipedia (independent secondary source) confirms headquarters in San Francisco, California and 1965 founding.",2026-10-05,high,"Legal name M. Arthur Gensler Jr. & Associates, Inc.; trade name Gensler. Official site describes the firm as having 58 locations worldwide.",accepted
construction-commercial-construction-001,business,Construction & Contractors,construction,Commercial Construction,commercial-construction,Skanska USA,skanska-usa,,,"Skanska USA is a construction and development company headquartered in New York City, delivering commercial and infrastructure projects across the United States.","Skanska USA is a construction and development company headquartered in New York City, established in 1971 as the US arm of the Swedish Skanska Group. It builds projects across sectors including hospitals, stadiums, airports, corporate headquarters, power plants, tunnels, and bridges. The company reports about $8.7 billion in US revenue in 2025 and 6,500 US employees.",https://usa.skanska.com,,,,New York,New York,NY,,US,national,United States,,Building construction | Infrastructure construction | Commercial development | Transportation construction | Healthcare construction | Aviation construction,1971,,,https://usa.skanska.com/,https://executivebiz.com/articles/what-are-the-top-skanska-government-contracts | https://potomacofficersclub.com/articles/skanska-leaders-and-executives-who-are-they/,"Official site (usa.skanska.com) verified live; confirms construction and development across US market sectors and lists $8.7B US revenue and 6,500 US employees. ExecutiveBiz and Potomac Officers Club (independent secondary sources) confirm New York City corporate headquarters and 1971 establishment.",2026-10-05,medium,"Founded year 1971 and New York corporate HQ from industry sources (ExecutiveBiz, Potomac Officers Club), not the official site. Secondary sourcing is directory-grade, hence medium confidence.",accepted
construction-custom-home-builder-001,business,Construction & Contractors,construction,Custom Home Builder,custom-home-builder,Toll Brothers,toll-brothers,,,"Toll Brothers is a homebuilding company headquartered in Fort Washington, Pennsylvania, building detached homes, townhomes, condominiums, and active-adult communities across the United States.","Toll Brothers, Inc. is a homebuilding company headquartered in Fort Washington, Pennsylvania, founded in 1967 by Robert I. Toll and Bruce E. Toll. It designs, builds, markets, and finances detached and attached homes in residential communities across the United States, serving first-time, move-up, empty-nester, active-adult, and second-home buyers. The company also operates architectural, engineering, mortgage, title, land development, smart home technology, and landscape businesses.",https://www.tollbrothers.com,(215) 938-8000,,1140 Virginia Drive,Fort Washington,Pennsylvania,PA,19034,US,national,United States,,New home construction | Detached homes | Townhomes | Condominiums | Active-adult communities | Mortgage services | Title services,1967,,,https://www.tollbrothers.com/,https://en.wikipedia.org/wiki/Toll_Brothers | https://www.linkedin.com/company/toll-brothers,"Official site (tollbrothers.com) verified live; confirms new construction homes for sale across many US markets. Wikipedia article 'Toll Brothers' (independent secondary source) confirms headquarters in Fort Washington, Pennsylvania and 1967 founding; LinkedIn confirms HQ city and founding year.",2026-10-05,high,"Street address 1140 Virginia Drive, Fort Washington, PA 19034 and phone (215) 938-8000 from LoopNet and Philadelphia.Today company profiles (not the official site). LinkedIn lists Fort Washington, PA HQ and 1967 founding.",accepted
construction-demolition-excavation-001,business,Construction & Contractors,construction,Demolition & Excavation,demolition-excavation,Brandenburg Industrial Service Company,brandenburg-industrial-service-company,,,"Brandenburg Industrial Service Company is a demolition contractor headquartered in Elmhurst, Illinois, providing demolition, environmental remediation, and site preparation services.","Brandenburg Industrial Service Company is a demolition and environmental services contractor headquartered in Elmhurst, Illinois, established in 1968. It specializes in demolition, environmental remediation, asbestos abatement, hazardous material removal, and site preparation, and is described in trade press as one of the leading demolition firms in the United States.",https://www.brandenburg.com,,,501 W Lake St,Elmhurst,Illinois,IL,60126,US,local,United States,,Demolition | Environmental remediation | Asbestos abatement | Hazardous material removal | Site preparation,1968,,,https://www.brandenburg.com/,https://www.mapquest.com/us/illinois/brandenburg-industrial-service-company-419384464 | https://www.osha.gov/ords/imis/establishment.inspection_detail?id=1197003.015 | https://www.recyclingtoday.com/news/salvage-company-expanding/,"Official site NOT verified (brandenburg.com fetch blocked by browser-service rate limit; retry not permitted). Secondary sources confirm the business: MapQuest business listing (501 W Lake St, Elmhurst, IL 60126, established 1968, demolition and environmental remediation services); OSHA inspection records listing company mailing address 2625 S Loomis St, Chicago, IL 60608; Recycling Today article on the company. Parent agent opened https://www.brandenburg.com/ on 2026-10-05: homepage loads; describes Brandenburg as a demolition and environmental remediation firm established in 1968 with five US regional offices. Cross-checked against MapQuest business listing, OSHA inspection records, and Recycling Today coverage.",2026-10-05,medium,"Official site verified live by parent agent 2026-10-05; upgraded from needs_review. OFFICIAL SITE NOT VERIFIED: brandenburg.com could not be loaded during this task because the browser fetch service returned a rate-limit (429) block, and retrying blocked requests is not permitted. The business itself is well documented in secondary sources (MapQuest business listing with address, OSHA records with mailing address 2625 S Loomis St, Chicago, IL 60608, Recycling Today article), so the candidate appears real and active, but the official website must be opened and confirmed live by the parent agent before acceptance. If the site loads, upgrade candidate_status to accepted with verification_confidence medium.",accepted
construction-general-contractor-001,business,Construction & Contractors,construction,General Contractor,general-contractor,Turner Construction Company,turner-construction,,,"Turner Construction Company is a construction services firm headquartered in New York City, providing construction management, general contracting, and consulting services.","The Turner Construction Company is an American construction services firm based in New York City, founded in 1902 by Henry Chandlee Turner. Its services include construction management, general contracting, consulting, construction procurement, insurance, and risk management. The company operates 46 offices in the US, is active in 20 countries, and reported $29.2 billion in revenue in 2025.",https://www.turnerconstruction.com,(212) 229-6000,turner@tcco.com,66 Hudson Boulevard East,New York,New York,NY,10001,US,local,United States and international,,Construction management | General contracting | Consulting | Construction procurement | Insurance and risk management,1902,,,https://www.turnerconstruction.com/,https://en.wikipedia.org/wiki/Turner_Construction,"Official site (turnerconstruction.com) verified live; footer lists HQ address 66 Hudson Boulevard East, New York, NY 10001, phone (212) 229-6000, and email turner@tcco.com. Wikipedia (independent secondary source) confirms New York City headquarters and 1902 founding.",2026-10-05,high,Email turner@tcco.com published on official site footer. Wikipedia notes Turner is a subsidiary of Hochtief.,accepted
construction-masonry-concrete-001,business,Construction & Contractors,construction,Masonry & Concrete,masonry-concrete,Baker Concrete Construction,baker-concrete-construction,,,"Baker Concrete Construction is a concrete construction contractor headquartered in Monroe, Ohio, serving industrial, commercial, restoration, and water markets nationwide.","Baker Concrete Construction is a concrete construction contractor headquartered in Monroe, Ohio, founded in 1968. Its markets include industrial, industrial distribution, commercial, restoration, and water projects, with services covering concrete construction, deep foundations, and related solutions. The company employs over 12,000 people and has completed more than 15,000 projects.",https://www.bakerconcrete.com,513-539-4000,,900 North Garver Road,Monroe,Ohio,OH,45050,US,national,United States,,Concrete construction | Deep foundations | Restoration | Industrial construction | Commercial construction | Water projects | Industrial distribution projects,1968,,,https://www.bakerconcrete.com/,https://www.linkedin.com/company/bakerconstruction | https://www.cbinsights.com/company/baker-concrete-construction,"Official site (bakerconcrete.com) verified live; confirms concrete construction markets (industrial, industrial distribution, commercial, restoration, water) and lists 900 North Garver Road, Monroe, Ohio 45050. LinkedIn and CB Insights (secondary sources) confirm Monroe, Ohio headquarters, 1968 founding, and phone 513-539-4000.",2026-10-05,high,"Official site footer lists 900 North Garver Road, Monroe, Ohio 45050. Founded 1968 confirmed by LinkedIn, CB Insights, and ENR reporting. ENR lists it #1 on its Top 20 Concrete Specialty Contractor list (official site claim).",accepted
construction-remodeling-renovation-001,business,Construction & Contractors,construction,Remodeling & Renovation,remodeling-renovation,West Shore Home,west-shore-home,,,"West Shore Home is a home remodeling company headquartered in Mechanicsburg, Pennsylvania, offering bathroom, window, door, and flooring remodeling services in 27 U.S. states.","West Shore Home is a home remodeling company founded in 2006 and headquartered in Mechanicsburg, Pennsylvania, serving homeowners in 27 states. Its published services include bathroom remodeling, window replacement, door installation, and flooring installation, completed by company-employed installation teams rather than subcontractors. The company holds Pennsylvania HIC registration number PA012954 and publishes an A+ Better Business Bureau rating.",https://www.westshorehome.com,(717) 697-4033,,3 Crossgate Drive,Mechanicsburg,Pennsylvania,PA,17050,US,national,27 states and 43 markets across the U.S.,"Mon-Sat 12PM-12AM, Sun 1:30PM-9PM UTC (sales)",Bathroom Remodeling | Window Replacement | Door Installation | Flooring Installation,2006,"{""facebook"": ""https://www.facebook.com/WestShoreHomeImprovementandRemodelingLLC/"", ""instagram"": ""https://www.instagram.com/westshorehome/"", ""linkedin"": ""https://www.linkedin.com/company/westshorehome"", ""pinterest"": ""https://www.pinterest.com/westshorehome/"", ""x"": ""https://x.com/westshorehome""}",,https://westshorehome.com/about-us/,https://en.wikipedia.org/wiki/West_Shore_Home | https://www.businesswire.com/news/home/20260220846721/en/West-Shore-Home-Enters-Growing-Huntsville-Market-Offering-AI-Powered-Home-Renovations-to-North-Alabama-Homeowners,"Official site westshorehome.com/about-us verified loading; confirmed company name, founding year 2006, HQ Mechanicsburg PA, services (bathroom, window, door, flooring), phone (717) 697-4033, corporate address 3 Crossgate Drive, Mechanicsburg, PA 17050, and PA HIC registration PA012954. Wikipedia confirmed HQ Mechanicsburg, PA, founded 2006 by B.J. Werzyn, and service categories. Business Wire press release confirmed national multi-state operations.",2026-10-05,high,"State/market counts vary slightly across the official site (27 states, 43 markets in one section; 25+ states, 40+ markets in another). Used the more specific figures from the About page FAQ. Sales hours published in UTC as Mon-Sat 12PM-12AM, Sun 1:30PM-9PM.",accepted
construction-roofing-siding-001,business,Construction & Contractors,construction,Roofing & Siding,roofing-siding,Aspen Contracting,aspen-contracting,,,"Aspen Contracting is a roofing and exterior contractor headquartered in Lee's Summit, Missouri, providing roofing, siding, and gutter services for residential, commercial, and new-construction properties across multiple U.S. markets.","Aspen Contracting is a roofing and exterior contractor based in Lee's Summit, Missouri, with branch offices serving multiple U.S. markets. Its published services cover residential and commercial roofing, siding, and gutters, as well as new-construction exterior work. The company offers free inspections and estimates, uses aerial measurement technology, and publishes a lifetime warranty on its installations.",https://www.roofsbyaspen.com/,877-784-7663,customerservice@roofsbyaspen.com,4141 NE Lakewood Way,Lee's Summit,Missouri,MO,64064,US,national,"Multiple U.S. markets via national branch network; corporate HQ in Lee's Summit, Missouri",Open 24/7,Residential Roofing | Commercial Roofing | Siding | Gutters | New Construction Roofing | Roof Inspections and Estimates,2006,,,https://www.roofsbyaspen.com/,https://construction-today.com/news/aspen-contracting-expands-nationwide-with-unmatched-service/ | https://www.linkedin.com/company/aspen-contracting-inc | https://a-1roofingnow.com/directory/aspen-contracting-inc-11/,"Official site roofsbyaspen.com verified loading; confirmed company name, address 4141 NE Lakewood Way, Lee's Summit, MO 64064, phone 877-784-ROOF, email [email protected], 24/7 hours, and residential/commercial/new-construction service lines. Construction Today article confirmed national multi-state operation and service categories. LinkedIn confirmed HQ Lee's Summit, MO, founded 2006, and specialties including roofing, siding, and gutters.",2026-10-05,high,Business claims 'Open 24/7' on its official site; contractorimages.com lists Mon-Fri 9am-5pm office hours. Used the official site's published hours. Founded 2006 per LinkedIn company profile (not stated on official site).,accepted
construction-steel-framing-001,business,Construction & Contractors,construction,Steel Framing,steel-framing,ClarkDietrich,clarkdietrich,,,"ClarkDietrich is a cold-formed steel framing manufacturer headquartered in West Chester, Ohio, producing steel framing and finishing products for construction.","ClarkDietrich is a cold-formed steel framing manufacturer headquartered in West Chester, Ohio, formed in 2011 through the combination of ClarkWestern Building Systems and Dietrich Metal Framing. It manufactures products for interior framing, interior finishing, exterior framing, floor and roof framing, along with clips, connectors, metal lath, and accessories. The company operates 17 facilities across the US and Canada.",https://www.clarkdietrich.com,,,,West Chester,Ohio,OH,,US,national,United States and Canada,,Interior steel framing | Interior finishing products | Exterior steel framing | Floor framing | Roof framing | Clips and connectors | Metal lath | Steel framing accessories,2011,,,https://www.clarkdietrich.com/,https://www.wconline.com/articles/98695-clarkdietrich-plans-new-ohio-headquarters | https://www.metalarchitecture.com/news/clarkdietrich-leadership/ | https://businessjournaldaily.com/clarkdietrick-buys-vienna-plant-for-10-9-million/,"Official site NOT verified (clarkdietrich.com fetch blocked by browser-service rate limit; retry not permitted). Secondary sources confirm the business: Walls & Ceilings (wconline.com) reports the company formed in 2011 via ClarkWestern/Dietrich Industries combination and HQ in West Chester, Ohio; Metal Architecture confirms 17 facilities; Business Journal Daily confirms cold-formed steel products and West Chester base. Parent agent opened https://www.clarkdietrich.com/ on 2026-10-05: homepage loads; describes ClarkDietrich Building Systems cold-formed metal framing products and services. Cross-checked against Walls & Ceilings, Metal Architecture, and Business Journal Daily coverage. Note: company has announced a planned HQ move from West Chester, OH to Montgomery, OH in fall 2027; record reflects current HQ.",2026-10-05,medium,"Official site verified live by parent agent 2026-10-05; upgraded from needs_review. OFFICIAL SITE NOT VERIFIED: clarkdietrich.com could not be loaded during this task because the browser fetch service returned a rate-limit (429) block, and retrying blocked requests is not permitted. The business is well documented in secondary sources (Walls & Ceilings industry articles, Metal Architecture, Business Journal Daily), so the candidate appears real and active, but the official website must be opened and confirmed live by the parent agent before acceptance. Note: company plans to relocate its corporate HQ from West Chester, Ohio to Montgomery, Ohio in fall 2027. If the site loads, upgrade candidate_status to accepted with verification_confidence medium.",accepted
design-creative-3d-designer-001,professional,Design & Creative,design-creative,3D Designer,3d-designer,Jacob Anderson,jacob-anderson,3D Artist,,"Jacob Anderson is a 3D artist in the Greater Boston Area focused on game art, visualization, and 3D printing, with environment art experience at studios in Cambridge, MA.","Jacob Anderson is a 3D artist in the Greater Boston Area whose portfolio site covers game art, visualization, and 3D printing. His published resume lists experience as an environment artist at White Snake Projects and PegaSystems in Cambridge, MA, as a 3D generalist at Wyvern Creations LLC in Lee, NH, and as a Design & Make Ambassador for Autodesk. His listed skills include 3D modeling, hard-surface modeling, environment art, digital texturing, rendering and lighting, and photogrammetry.",https://jacobanderson3d.com/,,jake.ander018@gmail.com,,,Massachusetts,MA,,US,local,,,3D Modeling | Environment Art | Digital Texturing | Rendering & Lighting | Game Art | Visualization | 3D Printing,,,,https://jacobanderson3d.com/,https://jacobanderson3d.com/wp-content/uploads/2024/12/JacobAnderson3DArtistResumeDecember2024.pdf | https://www.linkedin.com/in/janderson3d,"Official portfolio site (jacobanderson3d.com) confirms name, title '3D Artist', Greater Boston Area location, and focus on game art, visualization, and 3D printing. His published resume confirms employers, email, and skill list; LinkedIn is linked from the resume.",2026-10-05,medium,Location is published only as 'Greater Boston Area'; city recorded as null and state as Massachusetts. Secondary source is his LinkedIn profile linked from his published resume.,accepted
design-creative-animator-001,professional,Design & Creative,design-creative,Animator,animator,Toniko Pantoja,toniko-pantoja,2D Animator,,"Toniko Pantoja is a 2D animator, storyboard artist, and character designer whose clients include DreamWorks, Netflix, Cartoon Network, and Warner Bros.","Toniko Pantoja is a 2D animator, storyboard artist, and character designer. His site lists clients including DreamWorks, Netflix, Cartoon Network, Tonko House, and Warner Bros, with storyboarding credits on projects such as Blue Eye Samurai and Invincible and 2D animation work on Kipo and the League of Legends 2016 Ignite music video. He is a CalArts graduate whose short films earned a 22nd Annie Awards student-film nomination and multiple festival selections.",https://www.tonikopantoja.com/,,tonikopantoja@gmail.com,,,,,,US,national,United States,,2D Animation | Storyboarding | Character Design,,,,https://www.tonikopantoja.com/about-me,https://www.acmodasi.in/amdb/person/1826743-toniko-pantoja | https://www.skillshare.com/en/classes/2D-Character-Animation-Create-Movement-in-Adobe-Animate/1265481262,"Official site (tonikopantoja.com/about-me) confirms name, title, client list, project credits, awards, and contact email. An independent filmography database (acmodasi) confirms his animation credits, and Skillshare lists his 2D animation course.",2026-10-05,high,"City/state not published on his site; he is a CalArts graduate working with US studios, so country is recorded as US and location type as national.",accepted
design-creative-graphic-designer-001,professional,Design & Creative,design-creative,Graphic Designer,graphic-designer,Steven Held,steven-held,Graphic Designer,Steven Held Design,"Steven Held is a freelance graphic designer in Denver, Colorado, operating as Steven Held Design, specializing in brand identity, logo design, and packaging.","Steven Held is a professional graphic designer in Denver, Colorado, operating as Steven Held Design. His site states he specializes in brand identities and lists logo design, brand identity, packaging design, web design, print, marketing, and SEO among his services. He notes he graduated with honors from the University of Wyoming Graphic Art Program and has worked with creative agencies and web design firms as an independent freelancer.",https://stevenheld.com/,303.901.3687,design@stevenheld.com,,Denver,Colorado,CO,,US,local,,,Logo Design | Brand Identity | Packaging Design | Web Design | Print Design | Business Card Design | Poster Design | Marketing | SEO,,,,https://stevenheld.com/about-colorado-freelance-graphic-designer/,https://www.1stwebdesigner.com/battle-between-psychedelic-minimalist-design/,"Official business site (stevenheld.com) confirms name, title, Denver Colorado location, phone, email, and service list. A 1stWebDesigner article on minimalist design featured his site, providing thin independent confirmation.",2026-10-05,medium,"Secondary source is a design-publication feature mention; independent coverage is thin, hence medium confidence.",accepted
design-creative-illustrator-001,professional,Design & Creative,design-creative,Illustrator,illustrator,Scott Bakal,scott-bakal,Illustrator,,"Scott Bakal is an illustrator in the Boston area whose editorial clients include The New York Times, NPR, Rolling Stone, Smithsonian, and The Boston Globe; he is also an associate professor of illustration at MassArt.","Scott Bakal is an illustrator whose portfolio site shows editorial and publishing work for clients including The New York Times, NPR, Rolling Stone, Smithsonian Magazine, The Boston Globe Magazine, the U.S. State Department, and the U.S. Air Force. A Massachusetts College of Art and Design illustration blog identifies him as an associate professor of illustration at the college. His site lists recognition from the Society of Illustrators, American Illustration, Communication Arts, and 3x3 Magazine.",https://www.scottbakal.com/,,,,Boston,Massachusetts,MA,,US,local,,,Editorial Illustration | Magazine Illustration | Book Covers | Portrait Illustration,,,,https://www.scottbakal.com/,https://blogs.massart.edu/illustration/2015/09/14/scott-bakals-dim-stars-pollution-series/ | https://www.frontlinearts.org/lav-gallery-scott-bakal,"Official portfolio site (scottbakal.com) confirms name, illustrator title, and client list (NY Times, NPR, Rolling Stone, Smithsonian, Boston Globe, U.S. State Dept, USAF). MassArt's illustration blog confirms his role as associate professor of illustration; Frontline Arts gallery profile confirms his SVA background and publication credits.",2026-10-05,high,Boston location inferred from MassArt professorship in Boston; site does not publish a street address or phone.,accepted
design-creative-motion-designer-001,professional,Design & Creative,design-creative,Motion Designer,motion-designer,Andrew Kramer,andrew-kramer,Motion Designer,Video Copilot,"Andrew Kramer is a motion designer and VFX artist in Southern California and the founder of Video Copilot, known for After Effects tutorials, plug-ins, and title sequences for productions such as Star Trek and Fringe.","Andrew Kramer is the founder of Video Copilot, a platform for After Effects tutorials, plug-ins, and stock footage for post-production professionals. Video Copilot's about page notes he began as a freelance artist in Southern California and developed plug-ins such as Element 3D and Optical Flares used by visual effects studios and individual designers. His title work includes television and film projects such as Fringe and Star Trek, and School of Motion describes him as a motion designer and VFX artist.",https://www.videocopilot.net/,,,,,California,CA,,US,local,,,Motion Design | Visual Effects | Title Sequences | After Effects Plug-ins | Tutorials,,,,https://www.videocopilot.net/,https://schoolofmotion.com/blog/video-copilot-andrew-kramer-podcast | https://www.vidau.ai/video-copilot-official-guide-plug-ins/,"Official site (videocopilot.net) identifies Andrew Kramer as the founder who began as a freelance artist in Southern California and built the Video Copilot platform, plug-ins, and tutorials. School of Motion's interview describes him as a motion designer and VFX artist behind titles for Fringe and Star Trek.",2026-10-05,medium,The 'Motion Designer' title is confirmed by the secondary source (School of Motion); the official site confirms his founder identity and Southern California base. Exact city not published.,accepted
design-creative-photographer-001,professional,Design & Creative,design-creative,Photographer,photographer,Anita Nowacka,anita-nowacka,Photographer,Anita Nowacka Photography,"Anita Nowacka is a family portrait photographer in Seattle, Washington, operating as Anita Nowacka Photography, specializing in outdoor family portraits, senior portraits, and wedding photography.","Anita Nowacka is a family portrait photographer in Seattle, Washington, operating as Anita Nowacka Photography. Her site states she specializes in outdoor family portraits and also covers high school senior portraits, dating portraits, editorial, and wedding photography, describing her style as directed photojournalism. Her published address is 10735 5th Ave. NW, Seattle, WA 98177, and her listed hours are Monday through Sunday, 9:00 AM to 5:00 PM. Her site notes a wedding she photographed was featured in The New York Times Vows.",https://anitanowacka.com/,+12062826293,,10735 5th Ave. NW,Seattle,Washington,WA,98177,US,local,Seattle and the greater Puget Sound area,Mon-Sun 09:00-17:00,Family Portraits | High School Senior Portraits | Dating Portraits | Wedding Photography | Editorial Photography | Business Portraits,,,,https://anitanowacka.com/,https://trustanalytica.org/us/wa/seattle/reviews/anita-nowacka-photography,"Official business site (anitanowacka.com) confirms name, title, Seattle address, phone, hours, specialties, and NYT Vows feature. Trustanalytica business directory independently lists Anita Nowacka Photography in Seattle, WA.",2026-10-05,high,Site embeds third-party reviews; none were copied into this record.,accepted
design-creative-product-designer-001,professional,Design & Creative,design-creative,Product Designer,product-designer,Katarina Markina,katarina-markina,Product Designer,,"Katarina Markina is a product and interface designer in Portland, Oregon, working across product thinking, UX, UI, and branding.","Katarina Markina is an interface and product designer based in Portland, Oregon. Her portfolio site describes her as an interface designer working across product thinking, UX, UI, development, and branding. A professional directory listing notes she has over 10 years of experience as a product designer and is currently in Portland, Oregon.",https://katarinamarkina.com,,,,Portland,Oregon,OR,,US,local,,,Product Design | UX/UI Design | Interaction Design | Branding | Product thinking,,,,https://katarinamarkina.com,https://www.upwork.com/hire/ux-designers/oregon-us/,"Official portfolio site (katarinamarkina.com) confirms name and design focus (product thinking, UX, UI, development, branding). Upwork's Oregon designers directory confirms Portland, Oregon location and 10+ years as a product designer.",2026-10-05,medium,"Her portfolio site loads and confirms name and interface/product design focus; Portland, Oregon location is confirmed only via the Upwork directory listing, so confidence is medium.",accepted
design-creative-ui-ux-designer-001,professional,Design & Creative,design-creative,UI/UX Designer,ui-ux-designer,Heather van Helvoort,heather-van-helvoort,Sr. UX Designer,"MasterBrand, Inc.","Heather van Helvoort is a Sr. UX Designer in Seattle, Washington, currently at MasterBrand, Inc., focused on user research, usability testing, and consumer-facing mobile and web applications.","Heather van Helvoort is a Sr. UX Designer based in Seattle, Washington. Her portfolio site states she develops consumer-facing mobile and web applications and internal tools for Fortune 500 companies and leads user research initiatives including workshops, usability studies, and interviews. Her published resume lists her current role at MasterBrand, Inc. and prior UX design work at Wongdoody in Seattle.",https://heathervanhelvoort.com/,,heathervanhelvoort@gmail.com,,Seattle,Washington,WA,,US,local,,,User research | Usability testing | Wireframing | Visual design | Prototyping | Design workshops | User interviews,,,,https://heathervanhelvoort.com/,https://static1.squarespace.com/static/6123f866a1ad5b543dead69f/t/666f4f54dce4fd4b6f0be0bd/1718570836467/HvHResume2024.pdf | https://www.linkedin.com/in/heathervanhelvoort,"Official portfolio site (heathervanhelvoort.com) confirms name, title 'Sr. UX Designer', Seattle/Pacific Northwest location, research and design focus areas, and MasterBrand project. Her published resume PDF confirms current employment at MasterBrand, Inc. in Seattle, WA and prior Senior UX Designer role at Wongdoody.",2026-10-05,high,"Her portfolio site identifies her as a Sr. UX Designer; her published resume lists her current role at MasterBrand, Inc. in Seattle, WA.",accepted
design-creative-video-editor-001,professional,Design & Creative,design-creative,Video Editor,video-editor,Jon Ying,jon-ying,Videographer & Video Editor,Jon Ying Works,"Jon Ying is a videographer and video editor in Long Beach, California, operating as Jon Ying Works, offering video editing, videography, and commercial and event video production.","Jon Ying is a videographer and video editor in Long Beach, California, operating as Jon Ying Works. His site lists phone and email contact details and links to his Instagram portfolio. A public classified listing for his services notes a B.A. in visual arts with a focus in cinema and lists videography, editing, directing, lighting, and script development among his areas of expertise, with past work spanning advertisements, corporate videos, music videos, weddings, and social media content.",https://www.jonyingworks.com,310 871 3232,contact@jonyingworks.com,,Long Beach,California,CA,,US,local,,,Video Editing | Videography | Commercial Videos | Corporate Videos | Wedding Videos | Music Videos | Social Media Videos | Drone Videography,,"{""instagram"": ""https://www.instagram.com/jon_ying_works/""}",,https://www.jonyingworks.com,https://www.instagram.com/jon_ying_works/ | http://zapp-ads.com/oferte-servicii-si-echipamente/n-a/n-a/videographer-video-editor,"Official business site (jonyingworks.com) confirms name, title, Long Beach CA location, phone, email, and Instagram link. A public services listing confirms his visual-arts/cinema background and videography/editing expertise.",2026-10-05,high,"Site title references Los Angeles while the contact block lists Long Beach, CA; recorded as Long Beach, CA per the contact block.",accepted
design-creative-web-designer-001,professional,Design & Creative,design-creative,Web Designer,web-designer,Corey Gasman,corey-gasman,Web Designer,"Gasman Design, Inc.","Corey Gasman is a freelance web designer in Minneapolis, Minnesota, operating as Gasman Design, Inc., offering WordPress web design, eCommerce sites, and SEO services.","Corey Gasman is a freelance web designer in Minneapolis, Minnesota, operating as Gasman Design, Inc. His site states he works directly with clients from planning through launch and lists WordPress web design, eCommerce websites, SEO services, online strategy, and lead generation as his services. His published business address is 3652 40th Ave S, Minneapolis, MN 55406, and his portfolio includes a recent site launch for Surf and Turf Direct.",https://www.gasmandesign.com/,(612) 643-0650,,3652 40th Ave S,Minneapolis,Minnesota,MN,55406,US,local,,,WordPress web design | eCommerce websites | SEO services | Online strategy | Lead generation,,"{""facebook"": ""https://www.facebook.com/gasmandesign"", ""linkedin"": ""https://www.linkedin.com/in/coreygasman/""}",,https://www.gasmandesign.com/portfolio/web-design/minneapolis-award-winning-designer-surf-and-turf-direct/,https://www.linkedin.com/in/coreygasman/ | https://www.facebook.com/gasmandesign,"Official business site (gasmandesign.com) confirms name, title 'freelance web designer', Minneapolis location, business address, phone numbers, and service list. LinkedIn and Facebook profiles linked from the official site serve as secondary confirmation.",2026-10-05,high,"Site presents him as a freelance web designer operating as Gasman Design, Inc.; both a mobile number and office line are published on the site.",accepted
education-college-001,business,Education,education,College,college,Oberlin College,oberlin-college,,,"Oberlin College is a private liberal arts college and conservatory of music in Oberlin, Ohio.","Oberlin College was founded on December 3, 1833, as the Oberlin Collegiate Institute. It comprises the College of Arts and Sciences and the Conservatory of Music, with total enrollment of about 2,900 students. The college is located in Oberlin, Ohio, about 35 miles southwest of Cleveland.",https://www.oberlin.edu/,(440) 775-8121,,38 E. College St.,Oberlin,Ohio,OH,44074,US,local,,,College of Arts and Sciences | Conservatory of Music | Double Degree program,1833,,,https://www.oberlin.edu/,https://en.wikipedia.org/wiki/Oberlin_College | https://review.nationalapplicationcenter.com/gotocollege/campustour/undergraduate/4121/Oberlin_College/Oberlin_College1.html,"Official homepage (verified loading) confirms the name and identity as Oberlin College and Conservatory. Official history page (oberlin.edu/about-oberlin/oberlin-history) confirms founding December 3, 1833, and the Oberlin, Ohio location. Official admissions page lists 38 E. College St., Oberlin, OH 44074 and phone (440) 775-8411, plus the College of Arts and Sciences, Conservatory of Music, and Double Degree program. Wikipedia and National Application Center independently confirm the college at Oberlin, OH and its 1833 founding.",2026-10-05,high,,accepted
education-driving-school-001,business,Education,education,Driving School,driving-school,911 Driving School,911-driving-school-bellevue,,,"911 Driving School is a driver education school in Bellevue, Washington, whose instructors include police officers, firefighters, EMS professionals, and military veterans.","The Bellevue location of 911 Driving School offers teen driver education courses, adult driving lessons, Washington State knowledge and road testing, and driving simulation. Its instructor team includes police officers, firefighters, EMS professionals, and military veterans, and all staff are licensed Washington State driving instructors. The school is located at 14150 NE 20th St, Suite A, Bellevue, WA 98007.",https://911drivingschool.com/washington/driving-school-bellevue-washington/,(425) 957-0911,eastside911@911drivingschool.com,"14150 NE 20th St, Suite A",Bellevue,Washington,WA,98007,US,local,,,Teen driver education | Adult driving lessons | WA State knowledge test | WA State road test | Driving simulation,,,,https://911drivingschool.com/washington/driving-school-bellevue-washington/,https://www.customerlobby.com/reviews/10280/911-driving-school---kent/review/216219/,"Official Bellevue location page (verified loading) confirms the name, address 14150 NE 20th St, Suite A, Bellevue, WA 98007, phone 425-957-0911, email eastside911@911drivingschool.com, and services (teen courses, adult lessons, knowledge/road testing, simulation). Customer Lobby review page independently confirms the 911 Driving School brand as a driver training school with police-officer instructors at its Kent, WA location.",2026-10-05,medium,"Record covers the Bellevue, WA location of the 911 Driving School brand; secondary source confirms the brand at another location (Kent, WA). Office hours are not published on the official page, so hours are null; adult lesson availability (7 days, 5am-11pm) is noted on the site.",accepted
education-online-education-001,business,Education,education,Online Education,online-education,Coursera,coursera,,,"Coursera is an online learning platform headquartered in Mountain View, California, offering online courses, certificates, and degrees.","Coursera partners with universities and companies to offer online courses, Professional Certificates, Specializations, and online bachelor's and master's degrees in subjects including AI, data science, and cybersecurity. The platform also provides Coursera for Business for workforce training. Coursera is headquartered in Mountain View, California.",https://www.coursera.org,,,,Mountain View,California,CA,,US,online,,,Online courses | Professional Certificates | Specializations | Online degrees | Coursera for Business,,,,https://www.coursera.org,https://en.wikipedia.org/wiki/Coursera,"Official homepage (verified loading) confirms the name and offerings: online courses, Professional Certificates, Specializations, online bachelor's and master's degrees, and Coursera for Business. Wikipedia independently confirms Coursera Inc. as an American for-profit online learning platform headquartered in Mountain View, California, founded in 2012 by Stanford professors Andrew Ng and Daphne Koller.",2026-10-05,high,"Online-only business; headquarters city/state recorded, street address omitted per online location_type. Founding year 2012 widely reported but not stated on the official pages verified, so year_established is null.",accepted
education-school-001,business,Education,education,School,school,Phillips Exeter Academy,phillips-exeter-academy,,,"Phillips Exeter Academy is an independent coeducational college-preparatory boarding and day school in Exeter, New Hampshire.","Phillips Exeter Academy was co-founded by John and Elizabeth Phillips in 1781 and enrolls students in grades 9 through 12 plus postgraduates. The school offers both boarding and day programs along with a summer academic program, and teaches using the Harkness discussion-based method. Its campus is located at 20 Main Street in Exeter, New Hampshire.",https://www.exeter.edu,603-772-4311,,20 Main Street,Exeter,New Hampshire,NH,03833-2460,US,local,,,Boarding program | Day program | Summer academic program,1781,,,https://exeter.edu/about/contact/,https://en.wikipedia.org/wiki/Phillips_Exeter_Academy | https://usboardingschools.com/new-hampshire/phillips-exeter-academy/,"Official contact page (verified loading) confirms the name, phone 603-772-4311, and footer address 20 Main Street, Exeter, NH 03833-2460. Official about page (exeter.edu/about/) confirms founding in 1781 by John and Elizabeth Phillips and coeducational boarding/day enrollment. Wikipedia and US Boarding Schools independently confirm the school exists at 20 Main Street, Exeter, NH and its 1781 founding.",2026-10-05,high,General business email not published on official site; only department-specific emails listed.,accepted
education-training-center-001,business,Education,education,Training Center,training-center,General Assembly,general-assembly,,,General Assembly is a technology training company headquartered in New York that provides AI skills training for teams and enterprises.,"General Assembly is a technology training company headquartered in New York. After operating coding bootcamps and tech courses at campuses worldwide, the company concluded its consumer operations and now focuses on AI skills training for teams and enterprises, including ready-to-deploy training modules, custom curriculum development, and tool-specific workshops.",http://www.generalassemb.ly,,,,New York,New York,NY,,US,national,,,AI training for teams | Enterprise training programs | Custom curriculum development | Tool-specific workshops,,,,http://www.generalassemb.ly,https://en.wikipedia.org/wiki/General_Assembly_(school) | https://craft.co/general-assembly/locations,"Official site (verified loading) confirms the company name and its current focus on AI skills training for teams and enterprises, listing ready-to-deploy training modules, custom curriculum development, and tool-specific workshops. Wikipedia confirms it is an American-headquartered private education organization founded in 2011 with courses in software engineering, data science, product management, and digital technology. Craft.co confirms headquarters in New York.",2026-10-05,medium,"In 2026 General Assembly concluded its consumer bootcamp operations and now focuses on enterprise AI training; the official site does not publish a headquarters street address, so only city/state are recorded.",accepted
education-tutoring-001,business,Education,education,Tutoring,tutoring,Sylvan Learning,sylvan-learning,,,"Sylvan Learning is a tutoring company headquartered in Bedford, Texas, offering K-12 tutoring and test preparation through franchised learning centers.","Sylvan Learning provides personalized tutoring in reading, writing, mathematics, study skills, and homework support, along with test preparation and college readiness programs. The company operates through franchised and corporate learning centers across North America. Its home office is at 2350 Airport Freeway, Suite 505, Bedford, TX 76022.",https://www.sylvanlearning.com,(888) 338-2283,,"2350 Airport Freeway, Ste 505",Bedford,Texas,TX,76022,US,national,,,K-12 tutoring | Test preparation | College and career readiness,,,,https://sylvanlearning.com/headquarters,http://en.wikipedia.org/wiki/Sylvan_Learning,"Official headquarters page (verified loading) confirms the Home Office address 2350 Airport Freeway, Ste 505, Bedford, TX 76022 and phone (888) 338-2283. Official center pages confirm K-12 tutoring, college and career readiness, and test prep offerings. Wikipedia independently confirms Sylvan Learning, Inc. as an American education and tutoring company headquartered in the Baltimore, Maryland area (home office now listed in Bedford, TX) providing personalized instruction in reading, writing, mathematics, study skills, homework support, and test preparation.",2026-10-05,high,,accepted
education-university-001,business,Education,education,University,university,Arizona State University,arizona-state-university,,,"Arizona State University is a public research university based in Tempe, Arizona.","Arizona State University was founded in 1885 as the Territorial Normal School at Tempe. It operates multiple campuses including Tempe, Polytechnic, West, and Downtown Phoenix, and offers undergraduate, graduate, and online degree programs. The university's main address is 1151 S Forest Ave, Tempe, AZ 85281.",https://asu.edu/,(855) 278-5080,,1151 S Forest Ave,Tempe,Arizona,AZ,85281,US,local,,,Undergraduate degree programs | Graduate degree programs | Online degree programs,1885,,,https://asu.edu/,http://en.wikipedia.org/wiki/Arizona_State_University | https://www.nationalapplicationcenter.com/gotocollege/campustour/undergraduate/1367/Arizona_State_University_-_Tempe_campus/Arizona_State_University_-_Tempe_campus1.html,"Official homepage (verified loading) footer confirms the name, address 1151 S Forest Ave, Tempe, AZ 85281, and phone +1-855-278-5080. Official ASU engineering history page (engineering.asu.edu/history/) confirms founding on March 12, 1885. Wikipedia and National Application Center independently confirm the Tempe, AZ university and its 1885 founding.",2026-10-05,high,,accepted
education-professionals-academic-advisor-001,professional,Education,education-professionals,Academic Advisor,academic-advisor,Megan Caudle,megan-caudle,Athletic Academic Advisor,Florida Atlantic University Athletics,Megan Caudle is an athletic academic advisor at Florida Atlantic University.,"She joined Florida Atlantic's academic advising program in 2021 as an assistant academic counselor and was elevated to athletic academic advisor in fall 2023. She advises student-athletes on course registration, course selection, academic development, and graduation plans, and served as an instructor for SLS 1410 for first-time college students. She earned a Bachelor of Arts in psychology in 2020 and a Master of Arts in psychology in 2023, both from Florida Atlantic.",https://fausports.com/staff-directory/megan-caudle/1735,561-297-3484,,,,Florida,FL,,US,local,,,Course registration advising | Graduation planning | Academic development | Life skills mentoring,,,,https://fausports.com/staff-directory/megan-caudle/1735,,"Official source (FAU Athletics staff directory, verified loading): confirms full name, title, phone, employment history, advising responsibilities, and degrees. No independent secondary source located; confidence medium.",2026-10-05,medium,"Email shown as '-' (not published) on the directory page, left null. City not stated on page; Florida stated from university location context.",accepted
education-professionals-career-coach-001,professional,Education,education-professionals,Career Coach,career-coach,Rosann Santos,rosann-santos,Career Coach,,Rosann Santos is an ICF-certified career and success coach based in New York City.,"Her independent coaching practice covers one-on-one career coaching, career pivots, leadership presence, and professional growth, plus training sessions and keynote addresses in English and Spanish. She is a Licensed Speaker with the Impostor Syndrome Institute and a Gallup StrengthsFinder coach, and her site names organizations such as the National Geographic Society, Syracuse University, and the ATF among those that have hired her.",https://rosannsantos.com/,(718) 914-9502,RS@RosannSantos.com,,New York City,New York,NY,,US,local,"Clients worldwide (coaching delivered online, in English and Spanish)",,One-on-one career coaching | Career pivots | Leadership development | Keynote speaking | College exploration coaching,,,,https://rosannsantos.com/,https://markets.financialcontent.com/pentictonherald/article/prlog-2026-5-29-rosann-santos-explains-the-critical-difference-between-career-coaching-and-resume-writing,"Official source (her own professional site, verified loading): confirms name, ICF certification, services, email, and client organizations. Secondary (PRLog-distributed press article): independently confirms NYC base, ICF certification, career-coaching focus, business phone, and email.",2026-10-05,high,Independent practice; organization left null. Phone published in secondary source as business contact ('Text COACH ME to (718) 914-9502'). No street address published.,accepted
education-professionals-professor-001,professional,Education,education-professionals,Professor,professor,John Byers,john-byers,Professor of Computer Science,Boston University,"John W. Byers is a Professor of Computer Science at Boston University in Boston, Massachusetts.","He is a founding member of Boston University's Faculty of Computing & Data Sciences and serves as Associate Dean of the Faculty for the Mathematical and Computational Sciences Division. His research focuses on data-analytic and algorithmic challenges in the study of Internet platforms and computer networking, and his networking research received the ACM SIGCOMM Test of Time Award in 2009. He earned a Ph.D. in Computer Science from the University of California at Berkeley in 1997.",https://www.bu.edu/cds-faculty/profile/john-byers/,,,,Boston,Massachusetts,MA,,US,local,,,Internet platform research | Computer networking | Data analytics,,,,https://www.bu.edu/cds-faculty/profile/john-byers/,https://www.bu.edu/hic/2018/04/25/bu-cyber-alliance-john-byers/,"Official source (BU Faculty of Computing & Data Sciences profile, verified loading): confirms name, title, founding member status, associate dean role, research areas, awards, and education. Secondary (BU Hariri Institute seminar announcement): independently confirms name, title, and research description; hosted on a different BU unit's page.",2026-10-05,medium,"Both sources are BU-hosted (different units), so secondary is not fully independent; confidence medium. Email from an old course syllabus not included as it is dated.",accepted
education-professionals-teacher-001,professional,Education,education-professionals,Teacher,teacher,Jelayne King,jelayne-king,Special Education Teacher,"Pontiac Elementary School, Richland School District 2",Jelayne King is a special education teacher at Pontiac Elementary School in Richland School District 2 in South Carolina.,"Jelayne King was named the Richland School District 2 2025-2026 District Teacher of the Year. She is in her 18th year in education, having previously taught English language arts and social studies at Bethel-Hanberry Elementary School for seven years. She earned a Bachelor of Arts in Elementary Education from Trevecca Nazarene University and a Master of Education in Special Education from Capella University.",https://www.richland2.org/our-district/teacher-of-the-year,,,,,South Carolina,SC,,US,local,,,Special education | Elementary education,,,,https://www.richland2.org/our-district/teacher-of-the-year,https://www.thecolumbiastar.com/articles/richland-two-announces-2025-2026-district-teacher-of-the-year/ | https://whosonthemove.com/richland-two-announces-2025-2026-district-teacher-of-the-year/,"Official source (Richland School District 2 news page): confirms full name, title (Special Education Teacher at Pontiac Elementary School), 2025-2026 District Teacher of the Year honor, 18 years in education, degrees from Trevecca Nazarene University and Capella University. Secondary sources (Columbia Star, Who's On The Move): independently confirm name, title, school, award, and education history.",2026-10-05,high,"City not published on official page; Richland School District 2 is a South Carolina district. District office phone (803.787.1910) appears on page but is the district line, not her direct contact, so phone left null.",accepted
education-professionals-tutor-001,professional,Education,education-professionals,Tutor,tutor,Alek Kocevski,alek-kocevski,Tutor & Founder,Upstate Premier Tutors,"Alek Kocevski is the founder of Upstate Premier Tutors, a tutoring service based in Easley, South Carolina.","Alek Kocevski is a Clemson University graduate with a bachelor's degree in Biomedicine and a concentration in Pre-pharmaceutical Science. His published tutoring subjects include Algebra I & II, Pre-Calculus, Biology, Anatomy/Physiology, English language arts, and SAT/ACT test prep. He serves students in Easley, Liberty, Powdersville, Pickens, Anderson, and Greenville.",https://www.upstatepremiertutors.com/meet-our-tutors,+1-864-6438965,,,Easley,South Carolina,SC,,US,local,"Easley, Liberty, Powdersville, Pickens, Anderson, Greenville",,Algebra I & II tutoring | Pre-Calculus tutoring | Biology tutoring | Anatomy/Physiology tutoring | ELA tutoring | SAT/ACT test prep,,,,https://www.upstatepremiertutors.com/meet-our-tutors,,"Official source (Upstate Premier Tutors 'Meet The Team' page): confirms full name, founder role, degree from Clemson University, tutoring subjects, service areas, and published business phone. Page verified loading. No strong independent secondary source located; confidence medium.",2026-10-05,medium,Single official source verified; secondary coverage thin. Business phone published on the official page and included as business contact.,accepted
events-weddings-banquet-hall-001,business,Events & Weddings,events-weddings,Banquet Hall,banquet-hall,Russo's On The Bay,russos-on-the-bay,,,"Russo's On The Bay is a waterfront banquet hall in Howard Beach, New York, hosting weddings, parties, and corporate events.","Russo's On The Bay is a waterfront banquet hall and wedding venue at 162-45 Cross Bay Boulevard in Howard Beach, Queens, New York. Its official site states Frank Russo Jr. opened the venue in 1987 and describes event rooms including the Encore ballroom (575 seated), the Paragon (260 seated), the Promenade waterfront cocktail area, the Rose Lounge, and an outdoor garden with a gazebo over Jamaica Bay. The site lists phone (718) 843-5055 and email info@russosonthebay.com.",https://www.russosonthebay.com/,(718) 843-5055,info@russosonthebay.com,162-45 Cross Bay Boulevard,Howard Beach,New York,NY,11414,US,local,"Howard Beach, NY",,Weddings | Corporate events | Bridal and baby showers | Birthday parties | Cocktail hour receptions | On-site catering,1987,,,https://www.russosonthebay.com/,https://www.eventective.com/howard-beach-ny/russo-s-on-the-bay-248515.html | https://poland.us/en/waterfront-banquet-hall-in-new-york-russos-on-the-bay-invites-you-to-weddings-and-corporate-events/,"Official site (russosonthebay.com) verified loading; states 1987 opening, address 162-45 Cross Bay Boulevard, Howard Beach, NY 11414, phone (718) 843-5055, email info@russosonthebay.com, and event rooms. Eventective and poland.us confirm the same address and banquet hall identity.",2026-10-05,high,"Official site confirms name, address, phone, email, founding year 1987, rooms, and services. City recorded as Howard Beach, Queens.",accepted
events-weddings-bridal-shop-001,business,Events & Weddings,events-weddings,Bridal Shop,bridal-shop,Kleinfeld Bridal,kleinfeld-bridal,,,"Kleinfeld Bridal is a bridal salon in New York, New York, selling designer wedding gowns and accessories with in-house alterations.","Kleinfeld Bridal is a bridal salon at 110 W 20th Street in New York, New York. Its official site presents designer wedding gowns, veils and accessories, a couture alterations team, VIP appointment packages, and designer trunk shows. The company's own site pages confirm the Manhattan address and its bridal resale marketplace Kleinfeld Again.",https://www.kleinfeldbridal.com/,(646) 633-4300,,110 W 20th St,New York,New York,NY,10011,US,local,"New York, NY",,Designer wedding gowns | Veils and accessories | Couture alterations | VIP bridal appointments | Trunk shows,,,,https://www.kleinfeldbridal.com/,https://opengovny.com/place/ChIJMfLxsrxZwokR8cZ01Uih1nk | https://www.chamberofcommerce.com/business-directory/new-york/new-york/bridal-shop/7625975-kleinfeld-bridal,"Official site (kleinfeldbridal.com) verified loading; confirms NYC bridal salon with designer gowns, accessories, couture alterations, and VIP appointments. The company's own gown-preservation page states the store address 110 W 20th Street, Manhattan. OpenGovNY and Chamber of Commerce confirm address 110 W 20th St, New York, NY 10011 and phone (646) 633-4300.",2026-10-05,high,"Official site confirms name, NYC salon, and service scope; store address confirmed on the company's own gown-preservation page. Phone from consistent secondary sources.",accepted
events-weddings-dj-entertainment-001,business,Events & Weddings,events-weddings,DJ & Entertainment,dj-entertainment,Scratch Event DJs,scratch-event-djs,,,"Scratch Event DJs is a DJ and event entertainment company in Brooklyn, New York, providing DJs for corporate, wedding, and retail events.","Scratch Event DJs is an event DJ company based at 315 Meserole Street, Suite B7A, Brooklyn, NY 11206. Its official site states it has provided DJs for events since 2002, working with over 1,500 clients across more than 125,000 events. The company presents curated DJs for corporate, retail, hospitality, and wedding events, and publishes phone +1 (917) 924-2628 and sales@scratchevents.com.",https://events.scratch.com/,+1 (917) 924-2628,sales@scratchevents.com,"315 Meserole Street, Suite B7A",Brooklyn,New York,NY,11206,US,local,"New York, NY; nationwide",,Corporate event DJs | Retail and hospitality DJs | Wedding DJs | Event entertainment,2002,"{""facebook"": ""https://www.facebook.com/scratcheventdjs"", ""instagram"": ""https://www.instagram.com/scratcheventdjs/"", ""linkedin"": ""https://www.linkedin.com/company/scratch-music-group/"", ""youtube"": ""https://www.youtube.com/c/ScratchEventsUS""}",,https://events.scratch.com/,https://www.funnewyork.com/link/detail/Scratch-Weddings | https://events.scratch.com/posts/scratch-event-djs-corporate-rebranding,"Official site (events.scratch.com) verified loading; states operation since 2002, address 315 Meserole Street Suite B7A, Brooklyn, NY 11206, phone +1 (917) 924-2628, email sales@scratchevents.com, and DJs for corporate, retail, hospitality, and wedding events. funnewyork.com confirms the NYC wedding DJ service.",2026-10-05,high,"Official site confirms name, address, phone, email, founding year 2002, and social links. Business name recorded as Scratch Event DJs (the events division of Scratch Music Group).",accepted
events-weddings-event-planner-001,business,Events & Weddings,events-weddings,Event Planner,event-planner,David Stark Design and Production,david-stark-design-and-production,,,"David Stark Design and Production is an event design and production company in Brooklyn, New York, planning brand events, fundraisers, and personal celebrations.","David Stark Design and Production is an event design, planning, and production company in Brooklyn, New York. Its official site presents brand experiences, fundraisers, personal celebrations, and virtual and hybrid events, and states its team spans event planning, event production, floral design, and full-service scenic fabrication. Business profiles list its office at 219 36th Street, 3A, Brooklyn, NY 11232.",https://davidstarkdesign.com/,(718) 534-6777,,"219 36th Street, 3A",Brooklyn,New York,NY,11232,US,local,"New York, NY",,Event design | Event planning | Event production | Brand experiences | Fundraisers | Personal celebrations | Virtual and hybrid events | Floral design | Scenic fabrication,,,,https://davidstarkdesign.com/,https://clutch.co/profile/david-stark-design-production | https://Rocketreach.co/david-stark-design-profile_b5c41621f42e0d88,"Official site (davidstarkdesign.com) verified loading; confirms company name and services (brand experiences, fundraisers, personal celebrations, virtual/hybrid events, event planning, production, floral design, scenic fabrication). Clutch and RocketReach confirm Brooklyn NY location, address 219 36th Street 3A, Brooklyn, NY 11232, and phone (718) 534-6777.",2026-10-05,medium,"Official site confirms name and service scope but does not publish a street address or phone in extracted content; address and phone from consistent secondary business profiles (Clutch, RocketReach).",accepted
events-weddings-florist-001,business,Events & Weddings,events-weddings,Florist,florist,Starbright Floral Design,starbright-floral-design,,,"Starbright Floral Design is a florist in New York, New York, delivering flowers and arranging event and wedding florals.","Starbright Floral Design is a florist with a shop at 140 West 26th Street in New York, New York. Its official contact page lists the address, phone (212) 229-1610, customer service email Hello@StarbrightNYC.com, and shop hours Monday through Friday 9 AM to 4 PM and Saturday 9 AM to 2 PM. The site's service pages cover same-day flower delivery in Manhattan, event and wedding flowers, and weekly plant maintenance.",https://www.starbrightnyc.com/,(212) 229-1610,Hello@StarbrightNYC.com,140 W 26th St,New York,New York,NY,10001,US,local,"New York, NY",Monday - Friday 9:00 AM - 4:00 PM; Saturday 9:00 AM - 2:00 PM; Sunday closed,Flower delivery | Event flowers | Wedding flowers | Weekly plant maintenance | Plant care services,,,,https://www.starbrightnyc.com/,https://www.theknot.com/marketplace/starbright-floral-design-new-york-ny-2035215,"Official site (starbrightnyc.com) verified loading; contact page confirms shop at 140 W 26th St, New York, NY 10001, phone (212) 229-1610, email Hello@StarbrightNYC.com, and shop hours. Service pages confirm same-day Manhattan delivery, event flowers, and plant maintenance.",2026-10-05,high,"Official contact page confirms shop address, phone, customer-service email, and shop hours. No superiority phrasing used in descriptions despite the site's own award claims.",accepted
events-weddings-party-rentals-001,business,Events & Weddings,events-weddings,Party Rentals,party-rentals,Party Rental Ltd.,party-rental-ltd,,,"Party Rental Ltd. is an event rental company in New York, New York, renting furniture, tableware, linens, and decor for events and weddings.","Party Rental Ltd. is an event rental company with a New York City design studio at 183 Madison Ave., 8th Floor, Suite 801, New York, NY 10016 (entrance at 40 E. 34th Street). Its official site shows event furniture, tableware, linens, lounges, and bars for weddings, corporate galas, and parties, and lists phone 1-844-464-4776. The company also operates design studios in Boston, Philadelphia, Washington DC, and Water Mill, NY.",https://www.partyrentalltd.com/,1-844-464-4776,,"183 Madison Ave, 8th Floor, Suite 801",New York,New York,NY,10016,US,local,"New York, NY; Boston, MA; Philadelphia, PA; Washington, DC",,Event furniture rentals | Tableware rentals | Linen rentals | Lounge and decor rentals | Bar rentals,,"{""facebook"": ""https://www.facebook.com/PartyRentalLtd"", ""instagram"": ""https://www.instagram.com/partyrentalltd/"", ""linkedin"": ""https://www.linkedin.com/company/party-rental-ltd/"", ""pinterest"": ""https://www.pinterest.com/partyrentalltd/"", ""youtube"": ""https://www.youtube.com/channel/UCXHtNxN5C9IUhQIfMsW3Lmg""}",,https://www.partyrentalltd.com/,https://www.theknot.com/marketplace/party-rental-ltd-new-york-ny-2010512 | https://www.superpages.com/new-york-ny/bpp/party-rental-ltd-451363548,"Official site (partyrentalltd.com) verified loading; confirms NYC design studio at 183 Madison Ave 8th Floor Suite 801, New York, NY 10016, phone 1-844-464-4776, rental collections, and social profile links. The Knot and Superpages confirm the same business and New York presence.",2026-10-05,high,"Official site confirms name, NYC design studio address, phone, services, and social links. Hours not published on the official site; omitted.",accepted
events-weddings-photo-booth-rental-001,business,Events & Weddings,events-weddings,Photo Booth Rental,photo-booth-rental,ShutterBooth,shutterbooth,,,"ShutterBooth is a photo booth rental company in New York City, New York, serving weddings, parties, and corporate events.","ShutterBooth is a photo booth rental company with a locally owned and operated office in New York City, New York. Its official NYC page states the company was established in 2007 and describes photo experiences for weddings, corporate events, trade shows, product launches, and national tours. The page lists phone 888-780-8837 for the NYC office.",https://shutterbooth.com/photo-booth-rental-nyc/,888-780-8837,,,New York,New York,NY,,US,local,"New York City, NY",,Photo booth rentals | GIF booths | Wedding photo booths | Corporate event photo experiences | Trade show activations | Product launch activations,2007,,,https://shutterbooth.com/photo-booth-rental-nyc/,https://www.theknot.com/marketplace/shutterbooth-new-england-woburn-ma-520172 | https://shutterbooth.com/our-work/,"Official site (shutterbooth.com/photo-booth-rental-nyc/) verified loading; states established 2007, locally owned and operated NYC office, phone 888-780-8837, and photo booth services for weddings, corporate events, trade shows, and product launches. The Knot and the company's our-work page confirm the ShutterBooth brand and event work.",2026-10-05,medium,"Official NYC page confirms a locally owned and operated New York City office, but no street address for the NYC office is published, so only city/state recorded. Phone 888-780-8837 is the number shown on the NYC page.",accepted
events-weddings-wedding-photographer-001,business,Events & Weddings,events-weddings,Wedding Photographer,wedding-photographer,Jose Villa Photography,jose-villa-photography,,,"Jose Villa Photography is a fine art wedding photography studio in Solvang, California.","Jose Villa Photography is a fine art wedding photography studio based in the Santa Barbara area of California. The official site identifies it as Jose Villa's fine art wedding photography business and publishes phone +1 (805) 688-8654 and email jose@josevilla.com. Wedding directories list the studio in Solvang, California, serving Los Angeles, Ventura County, and Southern California weddings.",https://josevilla.com/,+1 (805) 688-8654,jose@josevilla.com,,Solvang,California,CA,,US,local,"Santa Barbara, CA; Southern California",,Wedding photography | Fine art photography,,,,https://josevilla.com/,https://www.theknot.com/marketplace/jose-villa-photography-solvang-ca-307383 | https://en.wikipedia.org/wiki/Jose_Villa,"Official site (josevilla.com) verified loading; titles itself Santa Barbara Fine Art Wedding Photography and publishes phone +1 (805) 688-8654 and jose@josevilla.com. The Knot and Wikipedia confirm Solvang, California base and wedding photography identity.",2026-10-05,medium,"Official site confirms name, Santa Barbara-area base, phone, and email. Street address omitted: secondary sources conflict (The Knot lists 1470 Aarhus Drive; MapQuest lists 422 1st St, Solvang).",accepted
events-weddings-wedding-venue-001,business,Events & Weddings,events-weddings,Wedding Venue,wedding-venue,Cipriani Wall Street,cipriani-wall-street,,,"Cipriani Wall Street is an event and wedding venue in New York, New York, hosting galas, banquets, and celebrations.","Cipriani Wall Street is an event venue at 55 Wall Street in New York, New York, set in a historic Greek Revival building with a grand ballroom, mezzanine, library, and two terraces. The official venue page states the ballroom seats up to 1,200 guests (up to 1,500 seated capacity listed) and that the venue hosts luxury events, charity galas, banquets, and exhibitions. Wedding directory sources describe it as a wedding ceremony and reception venue for up to 900 guests.",https://ciprianievents.com/venue/new-york-cipriani-wall-street/,(646) 723-0826,,55 Wall St,New York,New York,NY,10005,US,local,"New York, NY",,Weddings | Charity galas | Banquets | Corporate events | Exhibitions,,,,https://ciprianievents.com/venue/new-york-cipriani-wall-street/,https://prod.thevendry.com/venue/71181/cipriani-wall-street-new-york-ny | https://www.wedding-spot.com/venue/5078/cipriani-wall-street/ | https://www.cvent.com/venues/nueva-york/special-event-venue/cipriani-wall-street/venue-592f56df-f088-98c0-09502c880dc7,"Official site (ciprianievents.com) verified loading; confirms venue name, address 55 Wall St, New York, NY 10005, ballroom capacity, and event types. The Vendry, Wedding Spot, and Cvent independently confirm the same address, phone (646) 723-0826, and wedding venue identity.",2026-10-05,high,"Official Cipriani events site confirms name, address, and venue details. Phone and email from consistent secondary wedding directories; email omitted (not verified for this specific venue page).",accepted
finance-accounting-cpa-001,business,Finance & Insurance,finance,Accounting & CPA,accounting-cpa,Grant Thornton LLP,grant-thornton-llp,,,"Grant Thornton LLP is an accounting and advisory firm headquartered in Chicago, Illinois, providing audit, tax, and advisory services.","The firm's published service lines are audit and assurance, tax, and advisory services. It operates 59 offices across the United States and is the U.S. member firm of the Grant Thornton International network. Founded in 1924, the firm serves public and private companies across multiple industries.",https://www.grantthornton.com,+1 312 856 0200,,"171 N. Clark Street, Suite 200",Chicago,Illinois,IL,60601,US,national,United States,,Audit and assurance | Tax services | Advisory services,1924,,,https://www.grantthornton.com,https://en.wikipedia.org/wiki/Grant_Thornton_LLP,"Official site verified live; title confirms 'Audit & Assurance, Tax and Advisory Services'. The firm's official comment letter on grantthornton.com lists the Chicago address (Grant Thornton Tower, 171 N. Clark Street, Suite 200, Chicago, IL 60601) and phone +1 312 856 0200. The company's own LinkedIn profile states founding in 1924. Wikipedia confirms the Chicago headquarters, 59 U.S. offices, and the Grant Thornton International membership.",2026-10-05,high,,accepted
finance-bookkeeping-services-001,business,Finance & Insurance,finance,Bookkeeping Services,bookkeeping-services,Pilot,pilot,,,"Pilot is a bookkeeping and accounting services company headquartered in San Francisco, California, serving startups and small businesses.","The company's published services include bookkeeping, tax services, CFO advisory, financial reporting, and expense tracking. Its model combines software automation with U.S.-based accounting professionals, according to company materials. Pilot serves growth-stage startups and small businesses across the United States.",https://pilot.com,,,,San Francisco,California,CA,,US,national,United States,,Bookkeeping | Tax services | CFO advisory services | Financial reporting | Expense tracking,,,,https://pilot.com,https://Www.globenewswire.com/news-release/2025/12/09/3202454/0/en/pilot-launches-local-partner-program-to-empower-bookkeepers-and-strengthen-small-businesses-nationwide.html,"Official site (pilot.com) verified live; homepage confirms bookkeeping, tax, and advisory services for startups and small businesses. The company's own GlobeNewswire release confirms headquarters in San Francisco (and Nashville) and describes its bookkeeping and advisory platform. No phone number is published on the official site, so phone is null.",2026-10-05,high,,accepted
finance-commercial-banking-001,business,Finance & Insurance,finance,Commercial Banking,commercial-banking,PNC Bank,pnc-bank,,,"PNC Bank is a national bank headquartered in Pittsburgh, Pennsylvania, providing commercial, corporate, and personal banking services.","The bank's offerings include commercial banking, corporate and institutional banking, business lending, and personal banking. Its corporate headquarters is the Tower at PNC Plaza at 300 Fifth Avenue in Pittsburgh. PNC Bank, National Association is a subsidiary of The PNC Financial Services Group, Inc. and is a member of the FDIC.",https://www.pnc.com,1-888-762-2265,,300 Fifth Avenue,Pittsburgh,Pennsylvania,PA,15222,US,national,United States,,Commercial banking | Corporate and institutional banking | Business lending | Personal banking | Wealth management,,,,https://www.pnc.com,https://corporateofficeheadquarters.com/pnc-bank-corporate-office-headquarters/,"Official site (pnc.com) verified live; footer confirms PNC Bank, National Association, Member FDIC. PNC's official corporate profile PDF (published on pnc.com) lists the corporate headquarters as The Tower at PNC Plaza, 300 Fifth Avenue, Pittsburgh, PA 15222, and the toll-free banking line 1-888-PNC-BANK (1-888-762-2265). The profile enumerates personal, small business, commercial, and corporate banking among the company's offerings.",2026-10-05,high,,accepted
finance-financial-planning-001,business,Finance & Insurance,finance,Financial Planning,financial-planning,Creative Planning,creative-planning,,,"Creative Planning is a wealth management firm headquartered in Overland Park, Kansas, offering financial planning and investment management services.","The firm's published services include wealth management, financial planning, estate planning, tax planning, trust services, and retirement planning. Its website states it serves clients in all 50 states and more than 90 countries. Creative Planning is a registered investment adviser led by president and CEO Peter Mallouk.",https://creativeplanning.com,833-416-4702,,5454 W. 110th St.,Overland Park,Kansas,KS,66211,US,national,United States,,Wealth management | Financial planning | Estate planning | Tax planning | Trust services | Retirement planning,,,,https://creativeplanning.com,https://en.wikipedia.org/wiki/Creative_Planning,"Official site verified live; homepage shows the phone number 833-416-4702 and the corporate mailing address 5454 W. 110th St., Overland Park, KS 66211. The site lists wealth management, financial planning, estate planning, tax planning, trust, and retirement services. Wikipedia confirms the Overland Park headquarters and the firm's status as an independent wealth management firm and registered investment advisor.",2026-10-05,high,,accepted
finance-insurance-agency-001,business,Finance & Insurance,finance,Insurance Agency,insurance-agency,Goosehead Insurance,goosehead-insurance,,,"Goosehead Insurance is an independent insurance agency headquartered in Westlake, Texas, selling personal lines insurance through corporate and franchise locations.","Founded in 2003, the company shops coverage from more than 200 insurance carriers for its customers, according to its website. Its products include home, auto, flood, umbrella, and life insurance. Goosehead distributes through corporate offices and franchise locations across the United States.",https://www.goosehead.com,833-779-4090,,,Westlake,Texas,TX,,US,national,United States,,Home insurance | Auto insurance | Flood insurance | Umbrella insurance | Life insurance,2003,,,https://www.goosehead.com,https://www.tradingview.com/news/globenewswire:38b5cdd9a094b:0-goosehead-insurance-inc-to-host-investor-day-on-november-13/,"Official site verified live; homepage shows the new-client phone number 833-779-4090 and states the company shops 200+ carriers for home, auto, and other coverage. The company's own GlobeNewswire releases state founding in 2003 and describe it as an independent personal lines insurance agency distributing through corporate and franchise locations. Multiple sources confirm headquarters in Westlake, Texas. This is a different business from the Brown & Brown record under Professional Services.",2026-10-05,high,,accepted
finance-mortgage-lending-001,business,Finance & Insurance,finance,Mortgage Lending,mortgage-lending,Rocket Mortgage,rocket-mortgage,,,"Rocket Mortgage is a mortgage lender headquartered in Detroit, Michigan, offering home loans and refinancing through an online application process.","The company's products include fixed-rate mortgages, FHA loans, VA loans, adjustable-rate mortgages, jumbo loans, and home equity loans. Founded in 1985 as Rock Financial and formerly known as Quicken Loans, it operates primarily as an online lender rather than through a branch network. Rocket Mortgage is a subsidiary of Rocket Companies.",https://www.rocketmortgage.com,1-888-452-8179,,1050 Woodward Avenue,Detroit,Michigan,MI,48226,US,national,United States,,Home purchase mortgages | Mortgage refinancing | FHA loans | VA loans | Jumbo loans | Home equity loans,,,,https://www.rocketmortgage.com,https://en.wikipedia.org/wiki/Rocket_Mortgage,"Official site (rocketmortgage.com) verified live. Wikipedia confirms headquarters in Detroit, Michigan, founding in 1985 as Rock Financial, the Quicken Loans name history, the Rocket Companies parent, and the online-lender model. The phone number 1-888-452-8179 and address 1050 Woodward Avenue, Detroit, MI 48226 are corroborated by multiple business directories (headquarterlocation.com, RocketReach); not shown on the official homepage.",2026-10-05,high,,accepted
finance-tax-preparation-001,business,Finance & Insurance,finance,Tax Preparation,tax-preparation,H&R Block,hr-block,,,"H&R Block is a tax preparation company headquartered in Kansas City, Missouri, offering in-person and online tax filing services.","The company's services include assisted tax preparation at retail offices, online tax filing software, and bookkeeping services through its Block Advisors brand. It operates retail tax offices across the United States. H&R Block was founded in 1955 in Kansas City, Missouri, by brothers Henry and Richard Bloch.",https://www.hrblock.com,,,,Kansas City,Missouri,MO,,US,national,United States,,Tax preparation | Online tax filing | Bookkeeping services | Business tax services,,,,https://www.hrblock.com,https://en.wikipedia.org/wiki/H&R_Block,"Official site verified live; title confirms 'File Taxes Online or In Person with H&R Block Tax Services' and lists tax prep, online filing, and bookkeeping offerings. Wikipedia confirms headquarters in Kansas City, Missouri, founding in 1955, and tax preparation as the core product. Office-level phone numbers exist but no national/HQ phone is published on the official site, so phone is null.",2026-10-05,high,,accepted
finance-wealth-management-001,business,Finance & Insurance,finance,Wealth Management,wealth-management,Bessemer Trust,bessemer-trust,,,"Bessemer Trust is a private wealth management firm headquartered in New York City, serving families, foundations, and endowments.","Founded in 1907, the firm provides private wealth management, investment advisory, wealth planning, and family office services. Its headquarters is at 1271 Avenue of the Americas in New York, with regional offices across the United States. The firm is privately owned by the Phipps family.",https://www.bessemertrust.com,(212) 708-9100,,1271 Avenue of the Americas,New York,New York,NY,10020,US,national,United States,,Wealth management | Investment advisory | Wealth planning | Family office services,1907,,,https://www.bessemertrust.com,https://en.wikipedia.org/wiki/Bessemer_Trust,"Official site verified live; title confirms 'Private Wealth Management & Investment Advisory'. The firm's own New York office page lists the headquarters address (1271 Avenue of the Americas, New York, NY 10020) and phone (212) 708-9100. The firm's own site states it was founded in 1907. Wikipedia confirms the New York headquarters, 1907 founding, and private family-office status.",2026-10-05,high,,accepted
health-wellness-chiropractor-001,business,Health & Wellness,health-wellness,Chiropractor,chiropractor,Bexley Chiropractic Clinic,bexley-chiropractic-clinic,,,"Bexley Chiropractic Clinic is a chiropractic clinic in Columbus, Ohio, owned by Dr. Jeffrey Guindon.","Bexley Chiropractic Clinic is a chiropractic clinic in Columbus, Ohio, serving Bexley and Eastside Columbus communities, led by Dr. Jeffrey Guindon. Its published services include traditional chiropractic adjustments, a gentle no-twists-or-pops option, therapeutic massage, and treatment for motor vehicle accident injuries, work injuries, and headaches, plus family chiropractic care. The clinic accepts most health insurance plans and offers same-day appointments.",https://bexleychiropractic.com/,614-947-1511,,2862 E Main St,Columbus,Ohio,OH,43209,US,local,,"Mon, Wed, Thu, Fri 8:00 AM - 12:00 PM and 2:00 PM - 6:00 PM; Tue 8:00 AM - 12:00 PM; Sat 8:00 AM - 10:00 AM",Chiropractic Adjustments | Gentle No-Twists-or-Pops Chiropractic | Therapeutic Massage | Motor Vehicle Accident Injuries | Work Injuries | Headaches | Family Chiropractic Care,,,,https://bexleychiropractic.com/,https://www.mapquest.com/us/ohio/bexley-chiropractic-clinic-370740250 | https://npiprofile.com/directory/city/chiropractor-in-columbus-ohio,"Official site confirms clinic name, owner (Dr. Jeffrey Guindon), Columbus OH service area, phone, hours, and conditions treated. MapQuest and NPI registry listings independently confirm the clinic at 2862 E Main St, Columbus, OH 43209 with the same phone.",2026-10-05,high,"ZIP 43209 confirmed by NPI registry profile and directory listings. Social profile links not shown on the fetched page, set to null.",accepted
health-wellness-dentist-001,business,Health & Wellness,health-wellness,Dentist,dentist,Glauser Family Dentistry,glauser-family-dentistry,,,"Glauser Family Dentistry is a family dental practice in Austin, Texas, offering general, cosmetic, and implant dentistry.","Glauser Family Dentistry is a family dental practice based in Austin, Texas, led by Dr. Grant Glauser and Dr. Kathleen McNeil. Its publicly listed services include dental implants, crowns, emergency dental care, Invisalign, teeth whitening, root canals, dentures, and pediatric dentistry. The practice accepts most insurance plans and offers flexible financing options.",https://glauserfamilydentistry.com/,(512) 250-8225,thedentistforyou@gmail.com,"12401 Hymeadow Dr, Bldg 5",Austin,Texas,TX,78750,US,local,,Mon 8:00 AM - 5:00 PM; Tue-Wed 8:00 AM - 4:00 PM; Thu 7:00 AM - 4:00 PM; Fri 8:00 AM - 2:00 PM; Sat-Sun Closed,Dental Implants | Dental Crowns | Emergency Dental Care | Invisalign | Teeth Whitening | General Dentistry | Root Canals | Dentures | Pediatric Dentistry | Cosmetic Dentistry,,,,https://glauserfamilydentistry.com/,https://www.patientconnect365.com/Dentists/Texas/Austin/78750/Glauser_Family_Dentistry,"Official site confirms practice name, Austin TX address, phone, email, hours, doctors, and services. PatientConnect365 directory independently lists the practice at the same address and phone.",2026-10-05,high,"Official site is current and detailed. Secondary directory listing independently confirms name, address, and phone.",accepted
health-wellness-doctor-001,business,Health & Wellness,health-wellness,Doctor,doctor,Nashville Concierge Medicines,nashville-concierge-medicines,,,"Nashville Concierge Medicines is a concierge internal medicine practice in Nashville, Tennessee, led by Dr. William Conway, MD.","Nashville Concierge Medicines is a private primary care and internal medicine practice in Nashville, Tennessee, led by William Conway, MD, FACP. The practice offers adult primary care, addiction medicine, men's health, women's health, adult ADHD care, and longevity-focused services on a pay-per-visit model with no membership fees. Patients have direct texting access to Dr. Conway and pay $350 per visit only when seen.",https://nashvilleconciergemedicines.com/,615-708-0390,,,Nashville,Tennessee,TN,,US,local,,,Adult Primary Care Internal Medicine | Addiction Medicine | Men's Health | Women's Health | Adult ADHD | Longevity with Successful Aging,,,,https://nashvilleconciergemedicines.com/,https://www.einpresswire.com/article_pdf/888096859/nashville-concierge-medicine-announces-increased-google-visibility-for-private-doctor-near-me-in-nashville-tn,"Official site confirms practice name, Nashville TN location, physician (William Conway, MD, FACP), services, pricing, and phone. No street address is published on the site. EINPresswire press release independently confirms the practice name, Nashville TN location, physician, and website.",2026-10-05,medium,"No street address is published on the official site, so address fields are null; confidence reflects city-level location confirmed by both sources.",accepted
health-wellness-fitness-center-001,business,Health & Wellness,health-wellness,Fitness Center,fitness-center,Studio ME Fitness,studio-me-fitness,,,"Studio ME Fitness is a personalized strength training studio in Northeast Minneapolis, Minnesota, offering private and semi-private coaching.","Studio ME Fitness is a personalized strength studio in Northeast Minneapolis, Minnesota, established in 2014. It offers private, semi-private, and small-group training built on its ME Method, starting each member with a movement assessment and a custom roadmap. The studio also has a recovery partner on-site so rehab and training stay coordinated.",https://studiomefitness.com/,(952) 234-7464,contact@studiomefitness.com,305 1st Ave NE,Minneapolis,Minnesota,MN,55413,US,local,,Mon-Thu 5:30 AM - 8:00 PM; Fri 5:30 AM - 6:00 PM; Sat 7:00 AM - 12:00 PM; Sun 8:00 AM - 12:00 PM,Private Personal Training | Semi-Private Training | Small Group Training | Movement Assessment,2014,,,https://studiomefitness.com/,,"Official site confirms business name, Minneapolis MN address, phone, email, hours, founding year (2014), and training services. Independent directory listing confirms the studio name, 305 NE 1st Ave, Minneapolis, MN address, and phone.",2026-10-05,medium,Established 2014 is stated on the official site. Services are drawn from the site's published training offerings. Secondary listing details are from search-index data; no standalone secondary URL was captured.,accepted
health-wellness-medical-clinic-001,business,Health & Wellness,health-wellness,Medical Clinic,medical-clinic,1st Care Family Medical Clinic,1st-care-family-medical-clinic,,,"1st Care Family Medical Clinic provides primary care and walk-in urgent care services at four locations across the Phoenix, Arizona area.","1st Care Family Medical Clinic offers primary care and walk-in urgent care at four Arizona locations in Mesa, Phoenix, Sun City, and Peoria. Its services include walk-in care for illnesses and injuries, ongoing primary care, women's health, pediatrics, weight management, wound care, allergy testing, sports physicals, vaccinations, and immigration medical exams. The clinic accepts most insurance and offers discounts for uninsured patients.",http://www.1stcarefamilymedical.com/,480-272-8877,,637 East Main Street,Mesa,Arizona,AZ,85203-8791,US,local,,,Walk-in Urgent Care | Primary Care | Women's Health | Pediatrics | Weight Management | Wound Care | Allergy Testing | Sports Physicals | Vaccinations | Immigration Medical Exams | Neuropathy & Chronic Pain Care,,,,http://www.1stcarefamilymedical.com/,,"Official site confirms clinic name, four Arizona locations, Mesa office address and phone, and full services list. Independent directory listing confirms the clinic name, 637 E Main St, Mesa, AZ address, and phone.",2026-10-05,medium,"Four Arizona locations published; record uses the Mesa office. Hours are not published on the official site, so hours are null. Secondary listing details are from search-index data; no standalone secondary URL was captured.",accepted
health-wellness-optometrist-001,business,Health & Wellness,health-wellness,Optometrist,optometrist,Spectrum Eye Care,spectrum-eye-care,,,"Spectrum Eye Care is an optometry practice in Charlotte, North Carolina, providing eye exams and full-scope eye care at three area locations.","Spectrum Eye Care is an optometry practice with three locations in Charlotte, North Carolina (Uptown Charlotte, South End, and South Charlotte/Colony Road). Its optometrists provide comprehensive eye exams, dry eye assessments and treatment, and myopia management for children, along with contact lens fittings and eyewear. The practice uses diagnostic technology to monitor eye health over time.",https://www.spectrumeyecarenc.com/,704-334-4444,uptownoffice@spectrumeyecarenc.com,"200 South College St, Suite 307",Charlotte,North Carolina,NC,28202,US,local,,Mon-Fri 7:45 AM - 4:00 PM; Sat-Sun Closed,Comprehensive Eye Exams | Dry Eye Treatment | Myopia Management | Contact Lens Fittings | Eyewear,,,,https://www.spectrumeyecarenc.com/,,"Official site confirms practice name, three Charlotte NC locations, phone/email per location, hours, and services. Independent directory listing confirms the practice name, 200 S College St Ste 307, Charlotte, NC address, and phone.",2026-10-05,medium,"Three Charlotte locations published on official site; record uses the Uptown Charlotte location. Social profile links not shown on the fetched page, set to null. Secondary listing details are from search-index data; no standalone secondary URL was captured.",accepted
health-wellness-personal-trainer-001,business,Health & Wellness,health-wellness,Personal Trainer,personal-trainer,Hitchcock Fitness,hitchcock-fitness,,,"Hitchcock Fitness is a personal training service in St. Louis, Missouri, run by ISSA-certified trainer Philip Hitchcock, specializing in fitness after 40.","Hitchcock Fitness is a personal training service in St. Louis, Missouri, run by Philip Hitchcock, an ISSA Certified Personal Trainer. He specializes in fitness after 40, designing exercise programs based on client needs, goals, abilities, and anatomy. Published services include resistance training, weight loss coaching, and nutritional guidance.",http://hitchcockfitness.com/,(314) 435-8220,Philip@phdstl.com,999 N 2nd St,St Louis,Missouri,MO,,US,local,,,Resistance Training | Weight Loss | Nutritional Guidance,,,,http://hitchcockfitness.com/,,"Official site confirms business name and personal training services (resistance training, weight loss, nutritional guidance), though site content is dated. Independent directory listing confirms the business name, 999 N 2nd St, St Louis, MO address, phone, and ISSA certification.",2026-10-05,medium,"Official website loads but shows limited, dated content (latest blog posts from 2020-2021); directory indexes list the business as active. Hours from directory index are not on the official site, so hours are null. Secondary listing details are from search-index data; no standalone secondary URL was captured.",accepted
health-wellness-pharmacy-001,business,Health & Wellness,health-wellness,Pharmacy,pharmacy,Hoey Apothecary,hoey-apothecary,,,"Hoey Apothecary is an independent, locally owned compounding pharmacy on Madison's east side in Madison, Wisconsin.","Hoey Apothecary is an independent, locally owned compounding pharmacy on Madison's east side in Madison, Wisconsin. It specializes in compounding personalized medications, including veterinary compounding, and also offers conventional retail prescription services, long-term care services, and a selection of nutritional supplements, herbs, homeopathies, and natural products. The pharmacy hosts free educational webinars on health topics.",https://www.hoeyrx.com,608-221-4639,,4002 Monona Drive,Madison,Wisconsin,WI,53716,US,local,,,Compounding | Veterinary Compounding | Retail Prescription Services | Long-Term Care Services | Nutritional Supplements | Educational Webinars,,,,https://www.hoeyrx.com,https://www.superpages.com/madison-wi/bpp/hoey-apothecary-470708039?lid=470708039,"Official site confirms pharmacy name, Madison WI address, phone, compounding and vet compounding services, and wellness offerings. Superpages directory independently lists the pharmacy at the same address and phone. NCPA industry publication confirms it is an independent compounding pharmacy established in 2013.",2026-10-05,high,"Hours not published on the official homepage; left null per rules. Industry publication (NCPA America's Pharmacist) states the business was established in 2013, but the business's own site does not state it, so year_established is null.",accepted
health-wellness-physical-therapist-001,business,Health & Wellness,health-wellness,Physical Therapist,physical-therapist,Rocky Mountain Spine & Sport Physical Therapy,rocky-mountain-spine-sport-physical-therapy,,,"Rocky Mountain Spine & Sport Physical Therapy is an outpatient physical therapy clinic in Denver, Colorado (Central Park).","Rocky Mountain Spine & Sport Physical Therapy's Denver - Central Park clinic provides outpatient physical therapy at 3700 Quebec St in Denver, Colorado. Its publicly listed services include sports rehab, manual therapy, dry needling, orthopedics, pre- and post-surgical rehab, vestibular rehab, and telehealth physical therapy. The clinic is part of the Upstream Rehabilitation family of clinical care brands.",https://rockymountain.urpt.com/locations/denver-central-park/,(720) 330-2750,,3700 Quebec St Unit 102,Denver,Colorado,CO,80207-1639,US,local,,Mon-Fri 7:00 AM - 6:00 PM,Physical Therapy | Sports Rehab | Sports Performance | Manual Therapy | Dry Needling | Orthopedics | Pre/Post-Surgical Rehab | Total Joint Replacement Rehab | Vestibular Rehab | TMJ Rehab | Concussion Management | Telehealth,,,,https://rockymountain.urpt.com/locations/denver-central-park/,,"Official location page confirms clinic name, Denver CO address, hours, and full services list. Independent directory listing confirms the clinic exists at the same address and phone.",2026-10-05,medium,Phone number appears in independent directory listings; the fetched official page showed fax only. Part of the Upstream Rehabilitation family of brands. Secondary listing details are from search-index data; no standalone secondary URL was captured.,accepted
health-wellness-therapist-001,business,Health & Wellness,health-wellness,Therapist,therapist,"Molly McDavitt, LAT, LPC",molly-mcdavitt-lat-lpc,,,"Molly McDavitt, LAT, LPC is a licensed art therapist and professional counselor in Portland, Oregon, offering individual, group, and family therapy.","Molly McDavitt is a Licensed Art Therapist (LAT) and Licensed Professional Counselor (LPC) practicing in Portland, Oregon. She offers individual, group, and family art therapy and counseling for children, adolescents, and adults, with training in trauma-focused cognitive behavior therapy and family systems. She reports over 20 years of experience in the mental health field.",http://www.mollymcdavittcounseling.com/,(503) 442-9279,,2505 SE 11th Ave,Portland,Oregon,OR,,US,local,,,Individual Therapy | Group Therapy | Family Therapy | Art Therapy,,,,http://www.mollymcdavittcounseling.com/,,"Official site confirms practitioner name, credentials (LAT, LPC), therapy services offered, and experience. Independent directory listing confirms the practice name, 2505 SE 11th Ave, Portland, OR address, and phone.",2026-10-05,medium,ZIP code not published on the pages checked; left null. Individual therapy practice (entity_type business per campaign rules). Secondary listing details are from search-index data; no standalone secondary URL was captured.,accepted
healthcare-professionals-dentist-001,professional,Healthcare,healthcare-professionals,Dentist,dentist,Adam Fienman,adam-fienman-dds-west-bloomfield-mi,Dentist,"Adam Fienman, DDS","Dr. Adam Fienman, DDS, is a dentist practicing in West Bloomfield, Michigan.","Dr. Adam Fienman is a dentist practicing in West Bloomfield, Michigan. He earned his dental degree from the University of Michigan School of Dentistry in 2005 and completed a general practice residency at University Hospital in Ann Arbor in 2006. He has practiced dentistry in metro Detroit since completing his formal training and has completed continuing education courses in oral surgery, dental implants, bone grafting, orthodontics, and Invisalign. His office is located at 5813 W Maple Rd #131, West Bloomfield Township, MI 48322.",https://www.fienmandds.com/meet-our-team/,248-539-3600,,5813 W Maple Rd #131,West Bloomfield Township,Michigan,MI,48322,US,local,,,General dentistry | Oral surgery | Dental implants | Bone grafting | Orthodontics | Invisalign,,,,https://www.fienmandds.com/meet-our-team/,,"Official practice team page confirms full name, DDS credential, dentist title, education (University of Michigan School of Dentistry 2005), residency, practice area, office address, and phone. No independent secondary source located.",2026-10-05,medium,Single authoritative source (practice site). Office hours published on the site but left null per schema convention.,accepted
healthcare-professionals-doctor-001,professional,Healthcare,healthcare-professionals,Doctor,doctor,Caitlin Polistena,caitlin-polistena-md-chelmsford-ma,Bariatric Surgeon,Merrimack Health,"Caitlin Polistena, MD, is a bariatric surgeon with Merrimack Health practicing in Chelmsford, Massachusetts.","Caitlin Polistena, MD, is a bariatric surgeon with Merrimack Health, listed as accepting new patients. She trained at Montefiore Medical Center in New York and completed a minimally invasive and bariatric surgery fellowship at Cleveland Clinic Florida. She is a member of the American College of Surgeons and the American Society for Metabolic and Bariatric Surgery. Her practice locations include Precision Surgical Specialists of Lowell at 21 Village Square, Chelmsford, MA 01824, and Andover Medical Center Weight Management at 323 Lowell Street, Suite 302, Andover, MA 01810.",https://www.mhlawrencehospital.org/find-a-doctor/physician-bio/caitlin polistena,978-946-8450,,21 Village Square,Chelmsford,Massachusetts,MA,01824,US,local,,,Bariatric surgery | Minimally invasive surgery,,,,https://www.mhlawrencehospital.org/find-a-doctor/physician-bio/caitlin polistena,,"Official Merrimack Health physician profile confirms full name, MD credential, specialty (Bariatric Surgery), accepting-new-patients status, training history, professional society memberships, practice locations, address, and phone. No independent secondary source located.",2026-10-05,medium,Single authoritative source (hospital physician profile). Board certification details beyond the stated society memberships not independently cross-checked.,accepted
healthcare-professionals-medical-assistant-001,professional,Healthcare,healthcare-professionals,Medical Assistant,medical-assistant,Matilda Mullins,matilda-mullins-medical-assistant-seattle-wa,Medical Assistant,Neighborhood Naturopathic and Primary Care,"Matilda Mullins is a Medical Assistant at Neighborhood Naturopathic and Primary Care in Seattle, Washington.","Matilda Mullins is a Medical Assistant at Neighborhood Naturopathic and Primary Care in West Seattle. She is a licensed phlebotomist and a registered medical assistant, and she is currently pursuing further education as a pre-nursing student at South Seattle College. The clinic is located at 5410 California Ave SW, Suite 101, Seattle, WA 98136.",https://www.neighborhood-naturopathic.com/meet-the-team,(206) 486-8383,,"5410 California Ave SW, Suite 101",Seattle,Washington,WA,98136,US,local,,,,,,,https://www.neighborhood-naturopathic.com/meet-the-team,,"Official Neighborhood Naturopathic team page confirms full name, title (Medical Assistant), employer, licensed phlebotomist and registered medical assistant credentials, pre-nursing studies, clinic address, and phone. No independent secondary source located.",2026-10-05,medium,Single authoritative source (clinic team page). Phone is the clinic's published main line shown on the team page. No published focus areas; services left empty.,accepted
healthcare-professionals-nurse-001,professional,Healthcare,healthcare-professionals,Nurse,nurse,Lindsay Kirkwood,lindsay-kirkwood-fnp-valley-view-tx,Family Nurse Practitioner,Valley View Family Medical Clinic,"Lindsay Kirkwood is a board-certified Family Nurse Practitioner at Valley View Family Medical Clinic in Valley View, Texas.","Lindsay Kirkwood, MSN, APRN, FNP-C, is a board-certified Family Nurse Practitioner at Valley View Family Medical Clinic in Valley View, Texas. She earned both her Bachelor of Science in Nursing and Master of Science in Nursing from the University of Texas at Arlington. Her background includes emergency nursing and integrative medical practice. She emphasizes evidence-based, preventive, whole-person care with a focus on education and patient communication, and she normally sees patients on Fridays.",https://www.vvfmc.com/lindsay-kirkwood-bio,940-726-5750,,909 N Frontage Rd,Valley View,Texas,TX,76272,US,local,,,Preventive health | Hormone evaluation and balancing | Chronic disease management | Autoimmune condition support | Functional and integrative medicine | Lifestyle and nutrition support | Patient education,,,,https://www.vvfmc.com/lindsay-kirkwood-bio,,"Official Valley View Family Medical Clinic provider page confirms full name, credentials (MSN, APRN, FNP-C), title (Family Nurse Practitioner), employer, education, background, areas of interest, clinic address, and phone. No independent secondary source located.",2026-10-05,medium,Single authoritative source (clinic provider page). Board certification published on the page but not independently cross-checked with a nursing board directory.,accepted
healthcare-professionals-pharmacist-001,professional,Healthcare,healthcare-professionals,Pharmacist,pharmacist,Urvashi Garib-Sohan,urvashi-garib-sohan-pharmd-richmond-tx,"Pharmacist, Founder & Managing Member",Affectionate Care,"Dr. Urvashi Garib-Sohan, Pharm.D., is a pharmacist and founder of Affectionate Care assisted living and memory care in Richmond, Texas.","Dr. Urvashi Garib-Sohan, Pharm.D., MBA, BCPS, CDP, is a pharmacist and the Founder and Managing Member of Affectionate Care, an assisted living and memory care community in Richmond, Texas. She earned her Doctor of Pharmacy and Master of Business Administration degrees in 2004 and has worked as a full-time licensed pharmacist for over 20 years. She is a Board Certified Pharmacotherapy Specialist and a Certified Dementia Care Practitioner, with a specialization in medication management for older adults aimed at reducing medication-related risks and improving outcomes for people living with Alzheimer's and dementia.",https://acalh.com/pharmacist-bio,346-667-4873,,25155 Fulshear Gaston Rd,Richmond,Texas,TX,77406,US,local,,,Medication management | Medication review and optimization | Dementia-specialized pharmacy care | Physician collaboration,,,,https://acalh.com/pharmacist-bio,,"Official Affectionate Care bio page confirms full name, credentials (Pharm.D., MBA, BCPS, CDP), titles (Founder & Managing Member, dedicated pharmacist), employer, specialization, address, and phone. No independent secondary source located.",2026-10-05,medium,Single authoritative source (employer bio page). BCPS and CDP credentials published on the page but not independently cross-checked with credentialing bodies.,accepted
healthcare-professionals-physical-therapist-001,professional,Healthcare,healthcare-professionals,Physical Therapist,physical-therapist,Kristin Sorvig,kristin-sorvig-dpt-horace-nd,"Physical Therapist, Co-Owner",BeWell Physical Therapy,"Dr. Kristin Sorvig is a licensed physical therapist and co-owner of BeWell Physical Therapy in Horace, North Dakota.","Dr. Kristin Sorvig, PT, DPT, Cert. MDT, is a licensed physical therapist and co-owner of BeWell Physical Therapy in Horace, North Dakota. She has over a decade of professional experience in outpatient orthopedics, helping people with musculoskeletal conditions. She earned her Doctorate in Physical Therapy from the University of North Dakota in 2011, earned certification in Mechanical Diagnosis and Therapy (MDT) through the McKenzie Institute in 2017, is a certified ASTYM provider, and has advanced training in the evaluation and prescription of custom foot orthotics. The clinic is located at 534 Main St N, Unit B, Horace, ND 58047.",https://bewellptnd.com/meet-the-team/,701-361-4984,,"534 Main St N, Unit B",Horace,North Dakota,ND,58047,US,local,,,Outpatient orthopedics | Mechanical Diagnosis and Therapy (McKenzie Method) | ASTYM therapy | Custom foot orthotics | Musculoskeletal conditions,,,,https://bewellptnd.com/meet-the-team/,,"Official BeWell Physical Therapy team page confirms full name, credentials (PT, DPT, Cert. MDT), title (Co-Owner), employer, experience, certifications, education, clinic address, and phone. No independent secondary source located.",2026-10-05,medium,Single authoritative source (clinic team page). Phone and email listed are the clinic's published contact details shown on her profile page.,accepted
healthcare-professionals-therapist-001,professional,Healthcare,healthcare-professionals,Therapist,therapist,Kristen W. Green,kristen-green-phd-psychologist-gainesville-ga,Board Certified Clinical Child & Adolescent Psychologist,Chattahoochee Counseling & Psychology Services,"Dr. Kristen W. Green is a board-certified clinical child and adolescent psychologist and owner of Chattahoochee Counseling & Psychology Services in Gainesville, Georgia.","Dr. Kristen W. Green, PhD, ABPP, is a Board Certified Clinical Child and Adolescent Psychologist and the owner and director of Chattahoochee Counseling & Psychology Services in Gainesville, Georgia. She has been a licensed psychologist for more than 20 years and opened her Gainesville practice in 2008. She holds Georgia license #003114 and Texas license #40319, is a member of PSYPACT for telehealth, and holds ABPP diploma #8106. She earned her doctoral degree in clinical psychology at Case Western Reserve University and is an adjunct professor of psychology at Brenau University. She specializes in therapy and psychological testing for children and adolescents ages 2 to 18, including developmental delays, behavioral problems, mood disorders, ADHD, anxiety and OCD, and autism spectrum conditions.",https://www.chattahoocheepsychology.com/dr-green-and-our-team,,,,Gainesville,Georgia,GA,,US,local,,,Therapy for children and adolescents | Psychological testing | Cognitive-behavioral therapy | Play therapy | DBT techniques,,,,https://www.chattahoocheepsychology.com/dr-green-and-our-team,,"Official practice team page confirms full name, credentials (PhD, ABPP), title, employer, board certification, license numbers (GA #003114, TX #40319), PSYPACT membership, education, practice history, and specialty areas. No independent secondary source located.",2026-10-05,medium,Single authoritative source (practice site). Georgia and Texas license numbers and ABPP diploma number are published on the page for independent verification but were not cross-checked against board databases in this pass.,accepted
home-services-appliance-repair-001,business,Home Services,home-services,Appliance Repair,appliance-repair,Mr. Appliance,mr-appliance,,,"Mr. Appliance is an appliance repair franchise brand headquartered in Waco, Texas.","Mr. Appliance has operated since 1996 and is headquartered in Waco, Texas, as part of the Neighborly community of home service brands. It provides appliance repair through more than 160 franchise locations in the United States and Canada. Its published services include residential and commercial appliance repair, appliance installation, and dryer vent cleaning.",https://www.mrappliance.com/,,,,Waco,Texas,TX,,US,national,United States and Canada (160+ franchise locations),,Residential appliance repair | Commercial appliance repair | Washer and dryer repair | Oven and range repair | Refrigerator repair | Appliance installation | Dryer vent cleaning,1996,,,https://www.mrappliance.com/,https://www.linkedin.com/company/the-dwyer-group-mr-appliance-corp-?trk=similar-pages | https://ixlbozmkjhgiihfhgiif.supabase.co/storage/v1/object/public/fdds/638297_Mr._Appliance_SPV_LLC.pdf,"Official site mrappliance.com confirms the brand and its residential/commercial appliance repair offering ('Since 1996 ... throughout North America'). The company's LinkedIn page confirms headquarters in Waco, TX and the Neighborly affiliation. The brand's franchise disclosure document confirms the Waco, Texas headquarters address (1010 North University Parks Drive, Waco, TX 76707), www.mrappliance.com as the official website, and the service scope (install and repair appliances, sell new and used appliances, clean dryer vents).",2026-10-05,medium,"Corporate consumer phone not verified on the official site, so phone is null. Direct browser load of the homepage was not possible in this session (browser service rate-limited); official-site facts taken from fresh search-engine crawls of mrappliance.com pages.",accepted
home-services-cleaning-service-001,business,Home Services,home-services,Cleaning Service,cleaning-service,Molly Maid,molly-maid,,,"Molly Maid is a residential cleaning franchise company operating in the United States through locally owned franchise locations, offering customized home cleaning plans.","Molly Maid is a home cleaning franchise brand operating in the United States through locally owned and operated franchises. Its published services include customized residential cleaning plans, recurring home cleaning, light commercial cleaning, and gift certificates, with room-by-room cleanings covering bathrooms, bedrooms, kitchens, laundry rooms, and dining rooms. The company was founded in 1979 and is part of the Neighborly family of home service brands. Its official site publishes a customer service phone number; no corporate street address is published on the site.",https://www.mollymaid.com/,(800) 665-5962,info@mollymaid.com,,Ann Arbor,Michigan,MI,48108,US,national,United States (franchise locations),,Customized residential cleaning | Recurring home cleaning | Residential Plus | Light commercial cleaning | Gift certificates,1979,,,https://www.mollymaid.com/,https://en.wikipedia.org/wiki/Molly_Maid | https://franchisepanda.com/download-franchise-disclosure-document-preview/molly-maid/2018,"Official site (mollymaid.com) verified live 2026-10-05 via live browser: business name Molly Maid, services (customized residential cleaning, Residential Plus, light commercial, gift certificates, room-by-room cleanings), customer service phone (800) 665-5962, no corporate street address published. Wikipedia confirms founding year 1979, US franchise footprint, and Neighborly parent. The company's own 2018 Franchise Disclosure Document lists the franchisor address as 3948 Ranchero Drive, Ann Arbor, MI 48108 and email info@mollymaid.com.",2026-10-05,medium,"HQ city is Ann Arbor, MI per the company's own 2018 Franchise Disclosure Document; Wikipedia currently lists Irving, TX as HQ (Neighborly parent). Street address is null because no street address is published on the official site. The brand's own site tagline ('America's top-rated home cleaning service') is a marketing claim and is intentionally not repeated in the directory description.",accepted
home-services-electrician-001,business,Home Services,home-services,Electrician,electrician,Mister Sparky,mister-sparky,,,Mister Sparky is an electrical services franchise brand operating residential electrician locations across the United States.,"Mister Sparky provides residential electrical services through locally owned franchise locations in the United States. Its published services include electrical repairs, lighting and ceiling fan installation, wiring installation and repair, circuit breaker and panel work, surge protection, EV charger installation, and generator installation. The franchise brand was founded in 1996.",https://www.mistersparky.com/,,,,,,,,US,national,United States,,Electrical repairs | Lighting installation | Ceiling fan installation | Wiring installation and repair | Circuit breaker installation and replacement | Electrical panel repair and replacement | Surge protection | EV charging station installation | Generator installation,1996,,,https://www.mistersparky.com/,https://www.zoominfo.com/c/mister-sparky-franchising-spe-llc/49089249 | https://pro.porch.com/hurricane-ut/electricians/mister-sparky-167202161/pp,"Official brand site mistersparky.com confirms the brand, its licensed electricians, and installation/repair/replacement services. Franchise directory and trade listings confirm founding in 1996 and a nationwide footprint of franchise locations; service lists corroborated across multiple franchise location listings.",2026-10-05,medium,"Secondary sources disagree on the franchisor's headquarters city (Sarasota FL, Phoenix AZ, and Charleston SC all appear), so city/state were left null pending confirmation from the official site. No corporate phone verified on the official site, so phone is null. Direct browser load of the homepage was not possible in this session (browser service rate-limited).",accepted
home-services-flooring-contractor-001,business,Home Services,home-services,Flooring Contractor,flooring-contractor,Empire Today,empire-today,,,"Empire Today is a flooring and home improvement company headquartered in Northlake, Illinois.","Empire Today was founded in 1959 and is headquartered at 333 Northwest Ave in Northlake, Illinois. It sells and installs flooring through shop-at-home consultations in more than 75 US metropolitan areas. Its published products and services include carpet, hardwood, laminate, tile, and vinyl flooring installation, plus window treatments.",https://www.empiretoday.com/,800-588-2300,,333 Northwest Ave,Northlake,Illinois,IL,60164,US,national,75+ US metropolitan areas,,Carpet installation | Hardwood flooring installation | Laminate flooring installation | Tile and ceramic flooring installation | Vinyl flooring installation | Window treatments (blinds and shades),1959,,,https://www.empiretoday.com/,https://en.wikipedia.org/wiki/Empire_Today | https://BestCompany.com/flooring/empire-today,"Official site empiretoday.com confirms the HQ address (333 Northwest Ave, Northlake, IL 60164), phone 800-588-2300, and the shop-at-home flooring process. Wikipedia confirms founding in 1959, headquarters at 333 Northwest Avenue, Northlake, Illinois 60164, and empiretoday.com as the official site. Industry sources corroborate the product list and 75-metro-area footprint.",2026-10-05,high,Direct browser load of the homepage was not possible in this session (browser service rate-limited); official-site facts taken from fresh search-engine crawls of empiretoday.com pages.,accepted
home-services-garage-door-service-001,business,Home Services,home-services,Garage Door Service,garage-door-service,A1 Garage Door Service,a1-garage-door-service,,,"A1 Garage Door Service is a garage door repair and installation company based in Phoenix, Arizona.","A1 Garage Door Service is a family-owned garage door company based at 3254 E Broadway Rd in Phoenix, Arizona. It provides same-day and 24/7 emergency garage door repair along with new door installation across multiple states. Its published services include garage door repair, new garage door installation, opener installation and repair, spring replacement, weather seals, and maintenance tune-ups.",https://a1garage.com/,(833) 292-0142,contact@a1garage.com,3254 E Broadway Rd,Phoenix,Arizona,AZ,85040,US,local,"Arizona, Delaware, Florida, Georgia, Idaho, Kansas, Michigan, Minnesota, Nevada, New Jersey, New Mexico, North Carolina, Oklahoma, Pennsylvania, Tennessee, Texas, Wisconsin","Open 24 hours, 7 days a week","Same-day garage door repair | 24/7 emergency garage door repair | New garage door installation | Garage door opener installation, repair, and maintenance | Garage door spring replacement and repair | Weather seals | Garage door maintenance and tune-ups",,,,https://a1garage.com/,https://lifestyle.newsblaze.in/story/122899/a1-garage-door-service-opens-new-office-for-garage-door-repair-installation-in-queen-creek-az/ | https://www.yelp.com/biz/a1-garage-door-service-phoenix,"Official site a1garage.com confirms the Phoenix contact address (3254 E Broadway Rd, Phoenix, AZ 85040), phone (833) 292-0142, 24/7 availability, the published service list, and the multi-state locations list. The company's press releases confirm it is family-owned and operated and publish the contact email contact@a1garage.com. Business directories corroborate the Phoenix address and phone.",2026-10-05,high,"Founding year not verified from a public source, so year_established is null. Direct browser load of the homepage was not possible in this session (browser service rate-limited); official-site facts taken from fresh search-engine crawls of a1garage.com pages.",accepted
home-services-general-contractor-001,business,Home Services,home-services,General Contractor,general-contractor,Alure Home Improvements,alure-home-improvements,,,"Alure Home Improvements is a full-service residential remodeling company based in Commack, New York, providing bathroom, kitchen, window, door, and flooring remodeling services since 1946.","Alure Home Improvements is a full-service residential remodeling company serving the New York area since 1946, with its corporate office in Commack, New York. Its published services include bathroom and kitchen remodeling, window and door replacement, and flooring. The company states it is fully licensed and insured and is an 8-time builder for the television program Extreme Makeover: Home Edition, per its Angi business profile.",https://www.alure.com,516-296-7777,,70 Mall Drive,Commack,New York,NY,11725,US,local,"New York metro area (Nassau, Suffolk, NYC, Westchester license numbers published)",,Bathroom Remodeling | Kitchen Remodeling | Window Replacement | Door Replacement | Flooring Installation,1946,,,https://www.alure.com,https://craft.co/alure-home-improvements | https://www.angi.com/companylist/us/ny/commack/alure-home-improvements-inc-reviews-3.htm?page=3&featuredReviewsLimit=9&featuredReviewsOffset=50,"Official site alure.com verified loading; confirmed company name, founded 1946, full-service remodeler status, and service categories (bathrooms, doors, windows, kitchens). Craft.co confirmed private company, founded 1946, HQ East Meadow, NY, and website alure.com. Angi business profile confirmed full-service remodeler serving NY since 1946, licensed/insured, and additional services. chamberofcommerce.com directory listing confirmed corporate office at 70 Mall Drive, Commack, NY 11725 and phone 516-296-7777.",2026-10-05,high,"Brand name appears as both 'Alure Home Improvements' (homepage welcome copy, craft.co, trustburn) and 'Alure Home Solutions' (site title, Angi) — appears to be a rebrand in progress. Used 'Alure Home Improvements' per the target spec; flagged here for editor review. Address sources differ: corporate office 70 Mall Drive, Commack, NY 11725 (buildzoom, chamberofcommerce) vs. East Meadow showroom 1999 Hempstead Tpke (craft.co). Used the corporate office address. Phone 516-296-7777 from chamberofcommerce directory listing (not on official site); services beyond the official nav (siding, roofing, flooring, basements, sunrooms) come from the Angi business profile.",accepted
home-services-handyman-001,business,Home Services,home-services,Handyman,handyman,Mr. Handyman,mr-handyman,,,"Mr. Handyman is a home repair franchise brand headquartered in Waco, Texas, providing residential and commercial repair services.","Mr. Handyman is a franchise network of home repair businesses headquartered in Waco, Texas, and part of the Neighborly community of home service brands. Its published services include drywall repair, tile installation and repair, floor repair, painting, carpentry, and minor plumbing and electrical work. Its locations are independently owned and operated.",https://www.mrhandyman.com/,,,,Waco,Texas,TX,,US,national,United States and Canada,,Drywall repair | Tile installation and repair | Floor repair | Painting | Carpentry | Plumbing repairs | Electrical work | General home repairs,,,,https://www.mrhandyman.com/,https://www.zoominfo.com/c/mr-handyman-llc/188121841 | https://ixlbozmkjhgiihfhgiif.supabase.co/storage/v1/object/public/fdds/fred/425215_Mr._Handyman.pdf,"Official site mrhandyman.com confirms the brand, its Neighborly affiliation, and published services (drywall, tile, floor repair, painting, carpentry, plumbing, electrical). The brand's franchise disclosure document confirms the Waco, Texas headquarters address (1010 North University Parks Drive, Waco, TX 76707) and www.mrhandyman.com as the official website. Company data sources corroborate Waco, TX headquarters.",2026-10-05,medium,"Corporate phone and founding year not verified on the official site, so both are null. Direct browser load of the homepage was not possible in this session (browser service rate-limited); official-site facts taken from fresh search-engine crawls of mrhandyman.com pages.",accepted
home-services-hvac-contractor-001,business,Home Services,home-services,HVAC Contractor,hvac-contractor,ARS/Rescue Rooter,ars-rescue-rooter,,,"ARS/Rescue Rooter is a home services company based in Memphis, Tennessee, providing heating, cooling, and plumbing services.","American Residential Services, operating as ARS/Rescue Rooter, was established in 1975 and is headquartered in Memphis, Tennessee. It runs a network of company-owned service centers in 24 states and Washington, DC. Its published services include heating and air conditioning repair and installation, indoor air quality services, plumbing, drain cleaning, and sewer line services.",https://www.ars.com/,866-399-2885,,"965 Ridge Lake Blvd, Suite 201",Memphis,Tennessee,TN,38120,US,national,"24 US states and Washington, DC",,Heating repair and installation | Air conditioning repair and installation | Indoor air quality services | Plumbing services | Drain cleaning | Sewer line services,1975,,,https://www.ars.com/,http://en.wikipedia.org/wiki/American_Residential_Services | https://www.thisoldhouse.com/heating-cooling/ars-rescue-rooter-review,"Official site ars.com confirms the nationwide network of company-owned locations providing heating, air conditioning, plumbing, and sewer and drain services, the Memphis corporate address (965 Ridge Lake Blvd, Suite 201, Memphis TN 38120), and published phone 866-399-2885. Wikipedia confirms headquarters in Memphis, Tennessee and establishment in 1975. Trade press confirms the 24-state footprint.",2026-10-05,high,"Direct browser load of the homepage was not possible in this session (browser service rate-limited); official-site facts taken from fresh search-engine crawls of ars.com pages (contact-us, locations, about-us).",accepted
home-services-landscaper-001,business,Home Services,home-services,Landscaper,landscaper,BrightView,brightview,,,"BrightView is a commercial landscaping services company headquartered in Blue Bell, Pennsylvania.","BrightView was formed in 2014 through the combination of Brickman and ValleyCrest and is headquartered in Blue Bell, Pennsylvania. It provides landscape services to commercial properties across the United States. Its published service lines include landscape design, landscape development, landscape maintenance and enhancements, snow and ice removal, sports turf, golf course services, and water management.",https://www.brightview.com/,,,"980 Jolly Rd, Suite 300",Blue Bell,Pennsylvania,PA,19422,US,national,United States,,Landscape design | Landscape development | Landscape maintenance | Landscape enhancements | Snow and ice removal | Sports turf services | Golf course services | Water management | Irrigation installation | Tree care,2014,,,https://www.brightview.com/,https://www.linkedin.com/company/brightview-landscape | https://craft.co/brightview,"The company's official LinkedIn page confirms headquarters in Blue Bell, Pennsylvania, founding history (Brickman and ValleyCrest combined in 2014), and service specialties (Landscape Design, Development, Maintenance, Enhancements, Snow & Ice Removal, Sports Turf, Golf Course, Water Management). Company profile sources confirm the HQ address 980 Jolly Rd, Suite 300, Blue Bell, PA 19422 and brightview.com as the official site.",2026-10-05,high,"Corporate phone not verified from a public source, so phone is null. Direct browser load of the homepage was not possible in this session (browser service rate-limited).",accepted
home-services-locksmith-001,business,Home Services,home-services,Locksmith,locksmith,Pop-A-Lock,pop-a-lock,,,"Pop-A-Lock is a locksmith franchise network headquartered in Lafayette, Louisiana.","Pop-A-Lock was founded in 1991 in Lafayette, Louisiana, where its corporate headquarters is located. It provides locksmith and security services through franchise locations in the United States and Canada. Its published services include automotive lockout assistance, residential and commercial locksmithing, roadside assistance, and security audits.",https://popalock.com/,(800) 767-2562,,,Lafayette,Louisiana,LA,,US,national,United States and Canada,,Automotive lockout services | Residential locksmith services | Commercial locksmith services | Roadside assistance | Security audits | Safes and security solutions,1991,,,https://popalock.com/,https://wiza.co/d/pop-a-lock/063a | https://www.franchising.com/news/20150316_popalock__the_nations_largest_locksmith_network__r.html,"Official site popalock.com confirms the Lafayette, Louisiana origins and that the original location functions as the corporate headquarters. The company's own press releases confirm founding in 1991 by former law enforcement officers, franchise growth since 1994, and services (locksmithing, automotive, commercial, residential, roadside assistance, security audits). The published national number 1-800-POPALOCK ((800) 767-2562) appears in company releases. Franchise data sources corroborate the Lafayette HQ and popalock.com as the official site.",2026-10-05,high,Direct browser load of the homepage was not possible in this session (browser service rate-limited); official-site facts taken from fresh search-engine crawls of popalock.com pages.,accepted
home-services-moving-company-001,business,Home Services,home-services,Moving Company,moving-company,United Van Lines,united-van-lines,,,"United Van Lines is a moving and relocation company headquartered in Fenton, Missouri.","United Van Lines originated in 1928 and is headquartered in Fenton, Missouri, as a subsidiary of UniGroup. It provides household moving and relocation services through a network of agents across the United States. Its published service areas include household goods moving, long-distance moving, storage, and corporate relocation.",https://www.unitedvanlines.com/,(877) 740-3040,,,Fenton,Missouri,MO,63026,US,national,United States,,Household goods moving | Long-distance moving | Storage services | Corporate relocation | Logistics,1928,,,https://www.unitedvanlines.com/,https://en.wikipedia.org/wiki/United_Van_Lines | https://www.linkedin.com/company/united-van-lines/,"Official site unitedvanlines.com confirms the brand and full-service household moving offering. Wikipedia confirms founding in 1928, headquarters in Fenton/Saint Louis, Missouri, and unitedvanlines.com as the official site. The company's own site confirms its parent company UniGroup is headquartered in Fenton, Missouri. Company data sources list the published phone (877) 740-3040.",2026-10-05,medium,"Secondary sources disagree on the HQ street address (1 United Dr vs 1 Premier Dr, Fenton, MO), so street_address is null; city, state, and ZIP are consistent. Founding year 1928 per Wikipedia (some trade sources cite 1947 for the agent-owned structure). Direct browser load of the homepage was not possible in this session (browser service rate-limited).",accepted
home-services-painting-contractor-001,business,Home Services,home-services,Painting Contractor,painting-contractor,CertaPro Painters,certapro-painters,,,"CertaPro Painters is a painting contractor franchise network headquartered in Audubon, Pennsylvania.","CertaPro Painters was founded in 1992 and is headquartered at 2621 Van Buren Avenue in Audubon, Pennsylvania. It provides painting services through independently owned and operated franchise businesses in the United States and Canada. Its published services include interior and exterior painting for residential and commercial properties, plus wallpaper installation and removal.",https://certapro.com/,800-689-7271,CustomersForLife@certapro.com,"2621 Van Buren Ave, Suite 550A",Audubon,Pennsylvania,PA,19403,US,national,United States and Canada,,Interior painting | Exterior painting | Residential painting | Commercial painting | Wallpaper installation and removal,1992,,,https://certapro.com/,https://Rocketreach.co/certapro-painters-profile_b5c678daf42e0cbc | https://coatingsdirectory.com/listing/certapro-painters/,"Official site certapro.com confirms the corporate headquarters mailing address (2621 Van Buren Avenue, Suite 550A, Audubon, PA 19403), phone 800-689-7271, email CustomersForLife@certapro.com, and founding in 1992 (per the company's about page). Industry and company-data sources corroborate the Audubon HQ and the residential/commercial interior/exterior painting service scope.",2026-10-05,high,"Direct browser load of the homepage was not possible in this session (browser service rate-limited); official-site facts taken from fresh search-engine crawls of certapro.com pages (contact-us, about-us).",accepted
home-services-pest-control-001,business,Home Services,home-services,Pest Control,pest-control,Orkin,orkin,,,"Orkin is a pest control company headquartered in Atlanta, Georgia, serving residential and commercial customers.","Orkin was founded in 1901 and is headquartered in Atlanta, Georgia. It operates more than 400 locations and provides pest management services across the United States. Its published services include general pest control, termite control, bed bug treatment, rodent control, mosquito control, wildlife management, and commercial pest control programs.",https://www.orkin.com/,877-819-5061,,2170 Piedmont Rd NE,Atlanta,Georgia,GA,30324,US,national,United States,,Residential pest control | Commercial pest control | Termite control | Bed bug treatment | Rodent control | Mosquito control | Wildlife management,1901,,,https://www.orkin.com/,https://en.wikipedia.org/wiki/Orkin | https://www.yellowpages.com/fayetteville-ga/mip/orkin-pest-termite-control-526274262,"Official site orkin.com confirms the address (2170 Piedmont Rd NE, Atlanta, GA 30324), published phone 877-819-5061, and the residential/commercial pest service offering. Wikipedia confirms founding in 1901 and headquarters in Atlanta, Georgia. Business directories corroborate the service list (pest, termite, bed bug, rodent, mosquito, wildlife).",2026-10-05,high,Direct browser load of the homepage was not possible in this session (browser service rate-limited); official-site facts taken from fresh search-engine crawls of orkin.com pages.,accepted
home-services-plumber-001,business,Home Services,home-services,Plumber,plumber,Roto-Rooter,roto-rooter,,,"Roto-Rooter is a plumbing and drain service company based in Cincinnati, Ohio, serving residential and commercial customers.","Roto-Rooter Plumbing & Water Cleanup was founded in 1935 and is headquartered in Cincinnati, Ohio. It operates company-owned locations and franchises across the United States and Canada. Its publicly listed services include drain cleaning, sewer line repair and replacement, water heater repair and replacement, faucet and sink repair, toilet repair and replacement, and water damage cleanup.",https://www.rotorooter.com/,(800) 768-6911,,,Cincinnati,Ohio,OH,,US,national,United States and Canada,,Drain cleaning | Sewer line repair and replacement | Water heater repair and replacement | Faucet and sink repair | Toilet repair and replacement | Hydro jetting | Water damage cleanup,1935,,,https://www.rotorooter.com/,https://en.wikipedia.org/wiki/Roto-Rooter | https://headquarterlocation.com/ohio/roto-rooter-headquarters-corporate-office/,"Official site rotorooter.com confirms brand, plumbing/drain/water-cleanup services, and 24/7 emergency availability (site pages crawled by search provider). Wikipedia confirms headquarters in Cincinnati, Ohio and founding in 1935. Corporate directory confirms HQ city and published customer support number (800) 768-6911.",2026-10-05,high,Direct browser load of the homepage was not possible in this session (browser service rate-limited); official-site facts taken from fresh search-engine crawls of rotorooter.com pages.,accepted
home-services-remodeling-contractor-001,business,Home Services,home-services,Remodeling Contractor,remodeling-contractor,Power Home Remodeling,power-home-remodeling,,,"Power Home Remodeling is an exterior remodeling company headquartered in Chester, Pennsylvania.","Power Home Remodeling was founded in 1992 and is headquartered at 2501 Seaport Drive in Chester, Pennsylvania. It provides exterior home remodeling services across multiple US states. Its published products and services include replacement windows, roofing, vinyl siding, entry doors, attic insulation, gutters and gutter protection, and solar panels.",https://www.powerhrg.com/,(610) 874-5000,,2501 Seaport Drive,Chester,Pennsylvania,PA,19013,US,national,Multiple US states,,Replacement windows | Roofing | Vinyl siding | Entry doors | Attic insulation | Gutters and gutter protection | Solar panels,1992,,,https://www.powerhrg.com/,https://en.wikipedia.org/wiki/Power_Home_Remodeling_Group | https://www.guildquality.com/profile/power-home-remodeling,"Wikipedia confirms founding in 1992, headquarters in Chester, Pennsylvania, powerhrg.com as the official site, and the product list (windows, siding, entry doors, roofing, attic insulation, gutters and gutter protection, solar panels). GuildQuality corroborates the HQ address (2501 Seaport Drive, Chester, PA 19013), phone (610) 874-5000, and 1992 establishment. Company press materials corroborate the Chester headquarters.",2026-10-05,high,Email left null (no business-contact email verified on the official site). Direct browser load of the homepage was not possible in this session (browser service rate-limited); official-site facts taken from fresh search-engine crawls of powerhrg.com pages.,accepted
home-services-roofer-001,business,Home Services,home-services,Roofer,roofer,Baker Roofing Company,baker-roofing-company,,,"Baker Roofing Company is a roofing contractor headquartered in Raleigh, North Carolina, serving commercial and residential customers.","Baker Roofing Company was founded in 1915 in Raleigh, North Carolina, where its corporate office is located. It operates 29 locations across 8 states in the Southeast and Mid-Atlantic using its own crews, and became 100% employee-owned in July 2025. Its published services include roof repair and maintenance, roof replacement, restoration and waterproofing, and new construction roofing.",https://bakerroofing.com/,888-585-1915,,517 Mercury St,Raleigh,North Carolina,NC,27603,US,local,29 locations across 8 states in the Southeast and Mid-Atlantic,,Roof repair and maintenance | Roof replacement | Restoration and waterproofing | New construction roofing | Commercial roofing | Gutters and gutter guards,1915,,,https://bakerroofing.com/,https://cozywise.com/nc/raleigh/baker-roofing-company-raleigh-north-carolina | https://www.youtube.com/watch?v=84Ix-6QbUe0,"Official site bakerroofing.com confirms services (Roof Repair & Maintenance, Roof Replacement, Restoration & Waterproofing, New Construction Roofing) and the published phone 888-585-1915. The company's own YouTube channel confirms founding in 1915 in Raleigh, 29 locations in 8 states, and 100% employee ownership since July 2025. Secondary directories confirm the Raleigh corporate address 517 Mercury St, Raleigh, NC 27603.",2026-10-05,high,Direct browser load of the homepage was not possible in this session (browser service rate-limited); official-site facts taken from fresh search-engine crawls of bakerroofing.com pages.,accepted
home-services-roofing-contractor-001,business,Home Services,home-services,Roofing Contractor,roofing-contractor,Bone Dry Roofing,bone-dry-roofing,,,"Bone Dry Roofing is a roofing contractor based in Indianapolis, Indiana.","Bone Dry Roofing is a family-owned roofing contractor based at 7735 Winton Dr in Indianapolis, Indiana, with over 30 years in business. It serves residential and commercial customers in Indiana, Kentucky, Ohio, Tennessee, Missouri, and other states. Its published services include roof repair, roof replacement, new roof installation, commercial roofing, gutters, siding, masonry, insulation, and related exterior work.",https://www.bonedry.com/,(317) 873-6005,marketing@bonedry.com,7735 Winton Dr,Indianapolis,Indiana,IN,46268,US,local,"Indiana, Kentucky, Ohio, Tennessee, Missouri, and additional states",,Roof repair | Roof replacement | New roof installation | Commercial roofing | Gutters and downspouts | Siding | Masonry | Insulation | Soffit and fascia | Drywall repair,,,,https://www.bonedry.com/,http://jason.www.guildquality.com/BoneDryRoofing/PDF | https://pressadvantage.com/pdf/91677-bone-dry-roofing-provides-roof-inspection-services-to-homeowners-on-indianapolis-east-side/,"The company's own press releases confirm the Indianapolis address (7735 Winton Dr, Indianapolis, IN 46268), phone (317) 873-6005, email marketing@bonedry.com, website bonedry.com, and the service scope (roofing plus gutters, siding, masonry, insulation, painting, soffit/fascia, drywall). GuildQuality member reports corroborate the address, phone, website, and multi-state service footprint. MapQuest business listing corroborates the address.",2026-10-05,medium,"Only an approximate founding period ('over 30 years') is published, so year_established is null. Direct browser load of the homepage was not possible in this session (browser service rate-limited); official-site facts taken from the company's published press materials and fresh search-engine crawls.",accepted
legal-professionals-attorney-001,professional,Legal,legal-professionals,Attorney,attorney,Katherine Hall,katherine-hall-attorney-gainesville-ga,Attorney,Weaver Law Firm,"Katherine Hall is an attorney at Weaver Law Firm in Gainesville, Georgia, focusing on personal injury cases.","Katherine Hall joined Weaver Law Firm in 2013 and brings over a decade of legal experience with a primary focus on personal injury cases. She is a member of the State Bar of Georgia and is admitted to practice in the Superior Courts of Georgia, the U.S. District Court, and the U.S. Bankruptcy Court. She graduated magna cum laude from the University of Georgia in 2009 with a bachelor's degree in Human Development and Family Science and earned her Juris Doctor from the University of Georgia School of Law in 2012. The firm lists offices in Gainesville, Cumming, and Murrayville, Georgia.",https://weaverfirm.com/our-team/katherine-hall/,(770) 415-5555,,310 E.E. Butler Pkwy,Gainesville,Georgia,GA,30501,US,local,,,Personal injury representation,,,,https://weaverfirm.com/our-team/katherine-hall/,,"Official Weaver Law Firm attorney profile confirms full name, title (Attorney), employer, personal injury focus, State Bar of Georgia membership, court admissions, education, office address, and phone. No independent secondary source located.",2026-10-05,medium,Single authoritative source (employer profile). Bar memberships and admissions published on the profile but not independently cross-checked with the State Bar of Georgia directory.,accepted
legal-professionals-lawyer-001,professional,Legal,legal-professionals,Lawyer,lawyer,"John J. Martin, Jr.",john-j-martin-jr-lawyer-pittsfield-ma,Partner,"MHC Attorneys (Martin Hochberg & Cianflone, PLLP)","John J. Martin, Jr. is an attorney and CPA serving as Partner at MHC Attorneys in Pittsfield, Massachusetts.","John J. Martin, Jr. is both a Certified Public Accountant and an attorney, serving as a Partner at MHC Attorneys (Martin Hochberg & Cianflone, PLLP) in Pittsfield, Massachusetts, since 2023. His areas of concentration include estate planning, corporate law, probate administration, and residential and commercial real estate. He was previously a partner at Martin & Oliveira, LLP from 1996 to 2022. He earned his Juris Doctor from Western New England College School of Law in 1986 and a B.B.A. in Accounting from the University of Massachusetts in 1980, and is admitted to the bar in the Commonwealth of Massachusetts and the United States Tax Court.",https://www.mhcattorneys.com/john-j-martin-jr-esq-cpa,413-499-2323,jmartin@mhcattorneys.com,75 South Church St. Ste. 550,Pittsfield,Massachusetts,MA,01201,US,local,,,Estate planning | Corporate law | Probate administration | Real estate law,,,,https://www.mhcattorneys.com/john-j-martin-jr-esq-cpa,,"Official MHC Attorneys team profile confirms full name, title (Partner), employer, attorney/CPA credentials, practice areas, bar admissions, education, career history, office address, phone, and published email. No independent secondary source located.",2026-10-05,medium,Single authoritative source (employer profile). Phone and email are published for business contact. Bar admissions published on the profile but not independently cross-checked.,accepted
legal-professionals-legal-consultant-001,professional,Legal,legal-professionals,Legal Consultant,legal-consultant,Jason B. Meyer,jason-b-meyer-legal-consultant-princeton-nj,Legal Consultant,"Law Office of Jason B. Meyer, LLC (Meyer Business Law)","Jason B. Meyer is a Legal Consultant and Principal Lawyer of Meyer Business Law in Princeton, New Jersey.","Jason B. Meyer is listed as Legal Consultant at the Law Office of Jason B. Meyer, LLC on Taj Kapital's official team page, where he serves as general counsel for Neil Bhaskar and B&B Holdings, providing legal and business counsel to NovaGroup companies. He is the Principal Lawyer of Meyer Business Law, a firm focused on the legal needs of entrepreneurial businesses, and a Certified Compliance & Ethics Professional (CCEP) who also serves as CEO of the compliance consulting firm LeadGood, LLC. He earned his law degree cum laude from the University of Pennsylvania School of Law and his B.A. with high honors from Princeton University. His firm is based in Princeton, New Jersey.",http://www.meyerbusinesslaw.com/,(609) 534-3535,,300 Witherspoon St,Princeton,New Jersey,NJ,08542,US,local,,,General counsel services | Transactional law | Contract law | Business law | Compliance and ethics,,,,https://www.tajkapital.com/our-team,https://www.yellowpages.com/princeton-nj/mip/meyer-business-law-582140277?lid=582140277 | https://www.globenewswire.com/news-release/2024/01/30/2820404/0/en/SPZI-JP-3E-Holdings-Inc-Engaged-Jason-B-Meyer-as-Corporate-Legal-Partner-Introduces-Jason-Hoon-Chang-and-Miguel-Alcala.html,"Taj Kapital's official team page confirms full name, title (Legal Consultant, Law Office of Jason B Meyer, LLC), general counsel role, CCEP credential, and education. Meyer Business Law's official site verified live. Yellow Pages business listing confirms the firm's Princeton NJ address (300 Witherspoon St, Princeton, NJ 08542) and phone; a January 2024 GlobeNewswire press release confirms Meyer Business Law is based in Princeton, New Jersey.",2026-10-05,medium,Title and role confirmed on Taj Kapital's official team page; firm site verified live; Princeton NJ address and phone confirmed via Yellow Pages business listing and a 2024 press release.,accepted
legal-professionals-paralegal-001,professional,Legal,legal-professionals,Paralegal,paralegal,Paula Cox-Bey,paula-cox-bey-paralegal-la-crosse-wi,Certified Paralegal,"O'Flaherty Law, LLC","Paula Cox-Bey is a Certified Paralegal at O'Flaherty Law, LLC in La Crosse, Wisconsin.","Paula Cox-Bey is a Certified Paralegal at O'Flaherty Law, LLC in La Crosse, Wisconsin. She graduated from the American Bar Association approved paralegal program at Western Technical College in 2013 and has over 10 years of experience in business law, collections, contractual law, estate planning, small claims and civil litigation, and real estate transactions. She is a Certified Paralegal through the State Bar of Wisconsin, a member of the La Crosse County Bar Association, and a Notary Public. She assists with all aspects of preparing a case for trial, from the initial factual investigation through discovery, depositions, and trial.",https://www.lacrosselawwi.com/meet-the-team,(608) 433-2249,paula@lacrosselaw.com,"201 Main Street, Suite 205",La Crosse,Wisconsin,WI,54601,US,local,,,Business law support | Estate planning support | Civil litigation support | Real estate transactions,,,,https://www.lacrosselawwi.com/meet-the-team,,"Official O'Flaherty Law team page confirms full name, title (Certified Paralegal), employer, State Bar of Wisconsin certification, bar association membership, Notary Public status, education, experience, office address, published direct phone, and published email. No independent secondary source located.",2026-10-05,medium,Single authoritative source (employer profile). Phone and email are her published direct business contact details. State Bar of Wisconsin paralegal certification published on the profile but not independently cross-checked.,accepted
legal-services-bankruptcy-lawyer-001,business,Legal & Attorney Services,legal-services,Bankruptcy Lawyer,bankruptcy-lawyer,Allmand Law Firm PLLC,allmand-law-firm,,,"Allmand Law Firm PLLC is a bankruptcy law firm based in Dallas, Texas.","The firm focuses on consumer bankruptcy, including Chapter 7 and Chapter 13 cases. It serves individuals in the Dallas area seeking debt relief from credit cards, medical bills, and tax debt. The firm's site publishes educational resources on bankruptcy eligibility, foreclosure prevention, and vehicle repossession.",https://allmandlaw.com,214-884-4020,,"4849 Greenville Avenue, Ste 230",Dallas,Texas,TX,75206,US,local,"Dallas, Texas (also serves Hurst, TX per site)",Mon-Fri 9:00 AM - 5:00 PM,Chapter 7 bankruptcy | Chapter 13 bankruptcy,,,,https://allmandlaw.com/contact-us/,https://tex.biznet-us.com/firms/11760509/,"Official website (allmandlaw.com) confirmed live 2026-10-05: 'Chapter 7 & Chapter 13 Bankruptcy Law Firm', phone 214-884-4020. Secondary business listing (biznet-us) confirms address 4849 Greenville Avenue Ste 230, Dallas, TX 75206, phone +1 (214) 884-4020, hours Mon-Fri 9am-5pm, and describes the firm as a Dallas bankruptcy law firm helping consumers through Chapter 7 and Chapter 13.",2026-10-05,high,"Secondary source states the firm has helped consumers 'since 2005', but the firm itself does not state a founding year on the pages viewed; year_established left null.",accepted
legal-services-business-lawyer-001,business,Legal & Attorney Services,legal-services,Business Lawyer,business-lawyer,"The Gibbs Law Firm, APC",gibbs-law-firm,,,"The Gibbs Law Firm, APC is a business law firm based in San Clemente, California.","The firm represents small and mid-sized businesses in transactional and corporate law matters. Its stated services include pre-formation planning, business law counseling, and guidance through liquidation and dissolution. The firm states it has been serving South Orange County since 1974.",https://www.gibbslaw.com,949.492.3350,,"1221 Puerta del Sol, Suite 100",San Clemente,California,CA,92673,US,local,"Orange County, California",Mon-Thu 8:00 AM - 4:00 PM; Fri 8:00 AM - 12:00 PM,Small business and mid-size business law | Pre-formation planning | Liquidation and dissolution | Corporate law,1974,,,https://www.gibbslaw.com/business-law,https://www.lawyerdb.org/LawFirm/rodriguezrodriguez-law-firm-Lawyer/,"Official website (gibbslaw.com/business-law) confirmed live 2026-10-05: firm name, business and corporate law practice for small and mid-sized businesses, address 1221 Puerta del Sol, Suite 100, San Clemente, CA 92673, phone 949.492.3350, office hours, and 'serving Orange County since 1974' founding statement. (LawyerDB result was for a different firm and is not used as a secondary source for this record.)",2026-10-05,high,"Independent secondary source for this firm is thin; official site is detailed and current, so confidence remains high.",accepted
legal-services-civil-litigation-001,business,Legal & Attorney Services,legal-services,Civil Litigation,civil-litigation,Syverson Law Firm,syverson-law-firm,,,"Syverson Law Firm is a civil litigation law firm based in Los Angeles, California.","The firm represents businesses and executives in commercial litigation, with a focus on internet and technology disputes. Its listed practice areas include copyright and trademark infringement litigation, e-commerce litigation, business defamation, and class action suits. The firm states it charges flat fees rather than hourly billing.",https://www.syversonlaw.com,213-944-0098,,633 W 5th St #2600,Los Angeles,California,CA,90071,US,local,California (cases handled across the US),,Copyright and trademark infringement litigation | E-commerce and internet litigation | Federal and state appeals | Business litigation | Business defamation and trade libel | Defective product class action suits | Anti-SLAPP motion claims,,,,https://www.syversonlaw.com/practice-areas/civil-litigation/,,"Official website (syversonlaw.com/practice-areas/civil-litigation/) confirmed live 2026-10-05: firm name, Los Angeles civil/commercial litigation practice, address 633 W 5th St #2600, Los Angeles, CA 90071, phone 213-944-0098, and the full litigation services list. No independent secondary source consulted; services and address come directly from the firm's own site.",2026-10-05,medium,"No independent secondary source consulted; all facts from the firm's own official site, which was verified live.",accepted
legal-services-criminal-defense-lawyer-001,business,Legal & Attorney Services,legal-services,Criminal Defense Lawyer,criminal-defense-lawyer,"Law Offices of Robert Tsigler, PLLC",law-offices-of-robert-tsigler,,,"The Law Offices of Robert Tsigler, PLLC is a criminal defense law firm based in New York, New York.","The firm maintains offices in Manhattan, Brooklyn, Queens, and Garden City. Its practice areas include state and federal criminal defense, immigration law, and family law, according to its website. The firm states it is available 24 hours a day for criminal defense emergencies.",https://www.tsiglerlaw.com,718-878-3781,,"299 Broadway, Suite 1400",New York,New York,NY,10007,US,local,"New York City, Long Island, and New Jersey",Open 24 hours (Mon-Sun 00:00-23:59),Criminal defense (state and federal) | Immigration law | Family law,,,,https://www.tsiglerlaw.com,https://globalriskcommunity.com/forum/topics/best-new-york-city-criminal-defense-attorneys-and-law-firms,"Official website (tsiglerlaw.com) confirmed live 2026-10-05: firm name, criminal defense focus, four NY office addresses, phone 718-878-3781, 24/7 emergency availability, practice areas (criminal defense, immigration, family law). Manhattan office address 299 Broadway, Suite 1400, New York, NY 10007 published in site footer. Secondary directory (globalriskcommunity) independently lists the firm at the same address with phone 718-841-0711.",2026-10-05,high,Secondary source lists a different phone (718-841-0711) than the firm's current site (718-878-3781); record uses the firm's current published number.,accepted
legal-services-estate-planning-attorney-001,business,Legal & Attorney Services,legal-services,Estate Planning Attorney,estate-planning-attorney,Citadel Law Firm PLLC,citadel-law-firm,,,"Citadel Law Firm PLLC is an estate planning law firm based in Chandler, Arizona.","The firm focuses on estate planning, wills, trusts, and probate matters for individuals and families. Its listed services include revocable living trusts, special needs trusts, powers of attorney, living wills, and trust administration. The firm serves Chandler, Gilbert, and Queen Creek, Arizona, and offers free initial consultations.",https://clfusa.com/,(480) 565-8020,info@clfusa.com,1767 E Queen Creek Rd #1,Chandler,Arizona,AZ,85286,US,local,"Chandler, Gilbert, Queen Creek, AZ",Mon-Fri 9:00 AM - 5:00 PM,Estate planning | Wills | Revocable living trusts | Special needs trusts | Probate | Powers of attorney | Living wills | Trust administration,,,,https://clfusa.com/,https://news.livewirereporter.com/story/549860/citadel-law-firm-highlights-personalized-estate-planning-services-for-families-in-chandler.html,"Official website (clfusa.com) confirmed live 2026-10-05: firm name, Chandler estate planning focus, address 1767 E Queen Creek Rd #1, Chandler, AZ 85286, phones (480) 565-8020 and (480) 526-8183, published email info@clfusa.com, hours Mon-Fri 9am-5pm, practice areas (wills, trusts, probate, trust administration). Independent news release confirms the firm is an Arizona-based estate planning firm at 1767 E. Queen Creek Rd #1, Chandler, AZ 85286, phone (480) 351-6974.",2026-10-05,high,"Secondary source lists a different phone (480) 351-6974 than the firm's current site (480) 565-8020; record uses the firm's current published number. Social icons on the official site did not expose exact profile URLs, so social_profiles is null.",accepted
legal-services-family-divorce-lawyer-001,business,Legal & Attorney Services,legal-services,Family & Divorce Lawyer,family-divorce-lawyer,Cordell & Cordell,cordell-cordell,,,"Cordell & Cordell is a family law firm headquartered in the St. Louis, Missouri area.","The firm operates more than 100 offices across the United States and focuses on divorce and family law matters. Its attorneys handle divorce, child custody, child support, property and asset division, and spousal support. The firm also offers estate planning services, according to its website.",https://cordellcordell.com,+1-866-323-7529,,,St. Louis,Missouri,MO,,US,national,United States (100+ offices in 30+ states),,Divorce | Child custody | Child support | Property and asset division | Spousal support | Estate planning,,,,https://cordellcordell.com/news/cordell-cordell-the-nations-largest-family-law-firm-hires-chris-x-moloney/,https://en.wikipedia.org/wiki/Cordell_%26_Cordell | https://www.craft.co/cordell-cordell-p-c,"Official website (cordellcordell.com) confirmed live 2026-10-05: firm name, family law focus, estate planning expansion, phone +1-866-323-7529, national headquarters in Town & Country, Missouri (St. Louis suburb). Wikipedia confirms headquarters in St. Louis, MO, founding in 1990, ~100 offices. Craft.co confirms HQ at St. Louis, MO and website cordellcordell.com.",2026-10-05,high,Specific headquarters street address not verified on the firm's own site; city/state only. Founding year (1990) from secondary source only; year_established left null.,accepted
legal-services-immigration-attorney-001,business,Legal & Attorney Services,legal-services,Immigration Attorney,immigration-attorney,Fragomen,fragomen,,,"Fragomen is an immigration law firm headquartered in New York, New York.","The firm focuses exclusively on immigration law, serving corporate, academic, nonprofit, and individual clients. Its listed services include corporate immigration program management, global mobility, compliance program counseling, and case management and processing. Fragomen operates more than 60 offices across the Americas, EMEA, and Asia Pacific, according to the firm.",https://www.fragomen.com,212-688-8555,,515 Madison Avenue,New York,New York,NY,10022,US,national,Worldwide (immigration support in 170+ countries),,Corporate immigration | Global mobility | Immigration compliance | Case management and processing,,,,https://www.fragomen.com/insights/fragomen-recognized-as-2020-immigration-law-firm-of-the-year.html,"https://www.myvisajobs.com/ImmigrationAttorneyFirm/Fragomen,-Del-Rey,-Bernsen-Loewy,-P.C.-56927.htm | https://www.fragomen.com/insights/fragomen-welcomes-chief-transformation-officer-and-managing-director-commercial.html","Official website (fragomen.com) confirmed live 2026-10-05: firm name, exclusive immigration focus, services for corporate and private clients, New York office. Firm press release on fragomen.com lists services: strategic planning, case management and processing, compliance program counseling, government relations. MyVisaJobs independently lists the New York office at 515 Madison Avenue, NY 10022, phone 212-688-8555, practice areas in immigration and nationality law.",2026-10-05,high,Street address and phone from secondary source (MyVisaJobs); official site confirms New York office presence but does not publish a single main phone on the pages viewed.,accepted
legal-services-personal-injury-attorney-001,business,Legal & Attorney Services,legal-services,Personal Injury Attorney,personal-injury-attorney,Morgan & Morgan,morgan-morgan,,,"Morgan & Morgan is a law firm headquartered in Orlando, Florida, that practices personal injury law.","The firm operates offices across the United States and states it employs more than 1,100 attorneys. Its publicly listed practice areas include car accidents, slip-and-fall injuries, and workplace injuries. The firm's website says it offers free case evaluations with no fee unless the case results in a win.",https://www.forthepeople.com,(407) 420-1414,,"20 North Orange Ave, Suite 1600",Orlando,Florida,FL,32801,US,national,United States (offices in 50 states),"Available 24/7 by phone, text, or online",Car accidents | Slip and fall injuries | Workplace injuries,,,,https://www.forthepeople.com,https://en.wikipedia.org/wiki/Morgan_%26_Morgan | https://profiles.superlawyers.com/florida/orlando/lawyer/matt-morgan/1ab32b23-6deb-4503-993b-c32b7770cf97.html,"Official website (forthepeople.com) confirmed live 2026-10-05: name, personal injury practice, free case evaluations, 1,100+ attorneys, 24/7 availability. Wikipedia confirms headquarters in Orlando, FL and founding year 1988. Super Lawyers confirms Orlando office address 20 North Orange Avenue, Suite 1600, Orlando, FL 32801. Orlando office phone (407) 420-1414 published on the firm's official YouTube channel.",2026-10-05,high,"Founding year (1988) stated by secondary source only, not on the firm's own site; year_established left null.",accepted
legal-services-real-estate-attorney-001,business,Legal & Attorney Services,legal-services,Real Estate Attorney,real-estate-attorney,"The Metka Law Firm, PA",metka-law-firm,,,"The Metka Law Firm, PA is a real estate law firm based in Winter Garden, Florida.","The firm handles residential and commercial real estate closings across Central Florida. Its listed services include buyer representation, contract preparation and negotiation, deeds and easements, and community association matters. The firm also provides lender legal services for real estate transactions.",https://metkalawfirm.com,(407) 826-1952,,622 Vineland Road,Winter Garden,Florida,FL,34787,US,local,"Winter Garden, Clermont, Windermere, Ocoee, Minneola, FL",,Residential real estate closings | Commercial real estate closings | Buyer representation | Contract preparation and negotiation | Deeds and easements | Community association matters | Lease agreements,,,,https://metkalawfirm.com,https://lifestyle.clientim.com/story/678166/the-metka-law-firm-pa-publishes-guidance-on-real-estate-closings-in-winter-garden-florida/,"Official website (metkalawfirm.com) confirmed live 2026-10-05: firm name 'Florida Real Estate Attorney - Metka Law Firm', phone (407) 826-1952. Firm-issued press release (syndicated via pressadvantage) confirms address 622 Vineland Road, Winter Garden, FL 34787, phone (407) 826-1952, and the full real-estate services list.",2026-10-05,high,Street address confirmed via firm-issued press release rather than the site homepage (homepage fetched was minimal); phone confirmed on the official site itself.,accepted
local-services-event-planner-001,business,Local & Other Services,local-services,Event Planner,event-planner,ComGroup,comgroup,,,"ComGroup is an event planning company based in Little Rock, Arkansas.","The company provides corporate event planning, coordination, and management services. Its listed services include venue selection, vendor coordination, media relations, social media coverage, and post-event reporting. ComGroup states it plans both in-person and virtual events.",https://www.comgroup.com,501-376-8722,info@comgroup.com,1400 Brookwood Drive,Little Rock,Arkansas,AR,72202,US,local,Arkansas,,Event planning | Event coordination | Event management | Media relations | Social media | Event reporting,,,,https://www.comgroup.com/corporate-event-planning-services,,"Official website (comgroup.com/corporate-event-planning-services) confirmed live 2026-10-05: corporate event planning services list, address 1400 Brookwood Drive, Little Rock, AR 72202, phone 501-376-8722, published email info@comgroup.com. No independent secondary source consulted.",2026-10-05,medium,"No independent secondary source consulted; all facts from the company's own official site, verified live. An alternative candidate (The Noise Group, thenoisegroupny.com) was dropped because its current site pivoted to executive offsite sourcing with no published phone or address.",accepted
local-services-funeral-services-001,business,Local & Other Services,local-services,Funeral Services,funeral-services,Peterson Funeral & Cremation Services,peterson-funeral-cremation-services,,,"Peterson Funeral & Cremation Services is a funeral home based in Cadillac, Michigan.","The funeral home provides traditional funeral services, cremation services, pre-planning arrangements, and markers and monuments to the Cadillac area, according to its business listing. It operates 24 hours a day. The funeral home's website publishes obituaries and grief resources.",http://www.petersonfh.com/,(231) 775-3411,,205 E Cass St,Cadillac,Michigan,MI,49601,US,local,"Cadillac, MI area",Open 24 hours,Traditional funeral services | Cremation services | Pre-plan arrangements | Markers and monuments,,,,http://www.petersonfh.com/,https://location.com/categories/family-and-community/us/mi/cadillac/peterson-funeral-home-cremation-services-1452933414,"Official website (petersonfh.com) confirmed live 2026-10-05: 'Peterson Funeral & Cremation Services - Cadillac, MI', obituaries, grief resources. Business-certified listing (location.com, certified Sep 27, 2026) confirms address 205 E Cass St, Cadillac, MI 49601, phone (231) 775-3411, website, 24-hour operation, and services (traditional, cremation, pre-plan, markers & monuments).",2026-10-05,high,"Address, phone, hours, and services from the business-certified secondary listing; official site confirms the business name, location, and active operation.",accepted
local-services-photography-001,business,Local & Other Services,local-services,Photography,photography,The Imagery Studio,imagery-studio,,,"The Imagery Studio is a photography studio based in Worcester, Massachusetts.","The studio provides wedding and engagement photography for clients across New England. Its listed specialties also include headshots, senior portraits, and boudoir photography. The studio operates by appointment from its Worcester location.",https://www.theimagerystudio.com,508-579-8080,info@theimagerystudio.com,"172 Shrewsbury Street, Second Floor",Worcester,Massachusetts,MA,01604,US,local,"Boston, Central Mass, Berkshires, Cape Cod, Newport RI",By appointment,Wedding photography | Engagement photography | Headshots | Senior portraits | Boudoir photography,,,,https://www.theimagerystudio.com/wedding/,https://photowrld.com/photographer/claudia-oliver-photography-studio/,"Official website (theimagerystudio.com/wedding/) confirmed live 2026-10-05: studio name, wedding/engagement photography, specialties (headshots, senior portraits, boudoir), studio address 172 Shrewsbury Street, Second Floor, Worcester MA 01604, phone 508-579-8080, published email info@theimagerystudio.com. (photowrld.com result was for a different studio and is not used as a secondary source for this record.)",2026-10-05,medium,"No independent secondary source consulted for this studio; all facts from its own official site, verified live. Serving areas (Boston, Central Mass, Berkshires, Cape Cod, Newport RI) from the studio's own site text captured in search.",accepted
local-services-printing-001,business,Local & Other Services,local-services,Printing,printing,FedEx Office,fedex-office,,,"FedEx Office is a retail chain of print and office services centers headquartered in Plano, Texas.","The company operates corporate-owned locations offering printing, copying, scanning, faxing, shredding, and computer access. Additional services include packing, shipping, passport photos, and large-format printing. FedEx Office began as Kinko's, founded in 1970, according to secondary sources.",https://office.fedex.com,1-800-463-3339,,,Plano,Texas,TX,,US,national,"United States (2,000+ locations)",,Printing | Copying | Scanning | Faxing | Shredding | Computer access | Packing | Shipping | Passport photos | Large-format printing,,,,https://office.fedex.com/default/services,https://en.wikipedia.org/wiki/FedEx_Office,"Official website (office.fedex.com/default/services) confirmed live 2026-10-05: full in-store services list (printing, copying, scanning, faxing, shredding, computer access, packing, shipping, passport photos, large-format printing). Wikipedia confirms FedEx Office (formerly FedEx Kinko's/Kinko's) is headquartered in Plano, Texas and was founded in 1970. Phone 1-800-463-3339 from a company-data directory.",2026-10-05,high,"Corporate HQ street address not verified on the official pages viewed; city/state only. Phone from a secondary company-data directory, not the official site. Founding year (1970) from secondary source only; year_established left null.",accepted
local-services-security-services-001,business,Local & Other Services,local-services,Security Services,security-services,ADT,adt,,,"ADT is a home security company headquartered in Boca Raton, Florida.","The company provides residential and small business electronic security, fire protection, and alarm monitoring services. Its offerings include professionally installed and do-it-yourself security systems with 24/7 professional monitoring. ADT states it has over 150 years of experience in the security industry.",https://www.adt.com,(561) 404-0338,,1501 Yamato Rd,Boca Raton,Florida,FL,33431,US,national,United States and Canada,Mon-Fri 8:00 AM - 4:00 PM (Boca Raton office),Home security systems | Smart home security cameras | Intrusion detection | Fire and smoke detection | 24/7 professional monitoring | DIY security packages,,,,https://www.adt.com/local/fl/bocaraton,https://en.wikipedia.org/wiki/ADT_Inc.,"Official website (adt.com/local/fl/bocaraton) confirmed live 2026-10-05: company name, address 1501 Yamato Rd, Boca Raton FL 33431, phone (561) 404-0338, office hours Mon-Fri 8am-4pm, services (home security systems, cameras, intrusion and fire detection, DIY packages, 24/7 monitoring). Wikipedia confirms corporate head office in Boca Raton, Florida and founding in 1874 as American District Telegraph.",2026-10-05,high,"Founding year (1874) from secondary source only; the company states 'over 150 years of experience', so year_established left null.",accepted
local-services-storage-001,business,Local & Other Services,local-services,Storage,storage,Extra Space Storage,extra-space-storage,,,"Extra Space Storage is a self-storage company headquartered in Salt Lake City, Utah.","The company operates more than 4,000 storage facilities across the United States, according to its website. It rents storage units for residential and business customers, including climate-controlled and drive-up options. The company states it was founded in 1977 and is the largest operator of self-storage facilities in the country.",https://www.extraspace.com,(801) 766-3332,info@extraspace.com,"2795 E Cottonwood Parkway, Suite 300",Salt Lake City,Utah,UT,84121,US,national,"United States (4,000+ facilities in 42 states and Washington, D.C.)",,Self storage units | Business storage,1977,,,https://www.extraspace.com/es/help/about/,https://en.wikipedia.org/wiki/Extra_Space_Storage,"Official website About page (extraspace.com/es/help/about/) confirmed live 2026-10-05: company name, founded 1977, 4,000+ locations, headquarters in Salt Lake City, UT, published media email info@extraspace.com, self-storage amenities and services. Wikipedia confirms HQ in Salt Lake City, UT and founding in 1977. Company-published corporate information gives HQ address 2795 E Cottonwood Parkway, Suite 300, Salt Lake City, UT 84121. Corporate phone (801) 766-3332 from a company-data directory.",2026-10-05,high,HQ street address and corporate phone from secondary sources; HQ city/state and founding year confirmed by the company itself. 'Largest operator' phrasing is the company's own stated claim.,accepted
local-services-travel-agency-001,business,Local & Other Services,local-services,Travel Agency,travel-agency,Trips and More Travel,trips-and-more-travel,,,"Trips and More Travel is a travel agency based in Rolla, Missouri.","The agency provides travel booking and planning services for domestic and international trips. Its listed specialties include tours, cruises, and charter travel, according to a secondary business listing. The agency is open Monday through Friday, 7:00 AM to 5:30 PM, per the same listing.",http://www.tripsandmore.com,+1 573-341-3300,,116 West 8th Street,Rolla,Missouri,MO,65401,US,local,,Mon-Fri 7:00 AM - 5:30 PM,Travel booking | Trip planning | Tours | Cruises | Charters,,,,http://www.tripsandmore.com,https://location.com/categories/travel/mo/rolla/trips-and-more-travel-agency-2768709170,"Official website (tripsandmore.com) confirmed live 2026-10-05: agency name 'Trips and More Travel | Rolla MO', phone +15733413300, online quote form. Secondary business listing (location.com) independently lists address 116 West 8th Street, Rolla, MO 65401, phone +1 573-341-3300, hours Mon-Fri 7:00am-5:30pm, and services (travel booking/planning, tours, cruises, charters).",2026-10-05,medium,"Official homepage is image-heavy with a quote form and publishes few details; street address, hours, and service list come from the secondary business listing. Facts accepted as medium confidence.",accepted
local-services-wedding-services-001,business,Local & Other Services,local-services,Wedding Services,wedding-services,Chalifour's Flowers,chalifours-flowers,,,"Chalifour's Flowers is a florist based in Manchester, New Hampshire.","The shop sells floral arrangements for occasions including weddings, birthdays, anniversaries, and sympathy services. It offers local delivery in the Manchester area, according to its site. The shop is open Monday through Friday, 8:30 AM to 5:30 PM, with weekend hours.",https://www.chalifours.com,(603) 623-8844,support@chalifours.com,46 Elm St,Manchester,New Hampshire,NH,03101,US,local,"Manchester, NH area",Mon-Fri 8:30 AM - 5:30 PM; Sat 9:00 AM - 3:00 PM; Sun 9:00 AM - 2:00 PM,Wedding flowers | Birthday flowers | Anniversary flowers | Sympathy flowers | Roses | Subscription flowers,,,,https://www.chalifours.com/preferred-vendors,,"Official website (chalifours.com) confirmed live 2026-10-05: shop name, address 46 Elm St, Manchester, NH 03101, phone (603) 623-8844, published email support@chalifours.com, store hours, and shop categories including Wedding Flowers. No independent secondary source consulted.",2026-10-05,medium,"No independent secondary source consulted; all facts from the shop's own official site, verified live. Wedding Services fit: florist selling wedding flowers, a wedding vendor service.",accepted
marketing-professionals-brand-strategist-001,professional,Marketing,marketing-professionals,Brand Strategist,brand-strategist,Amber Warren,amber-warren,Brand Strategist,AC Creative Services,"Amber Warren is a brand strategist in Colorado Springs, Colorado, and the founder and creative director of AC Creative Services.","Amber Warren is the founder and creative director of AC Creative Services, a brand strategy and website design practice in Colorado Springs, Colorado. Her site positions her as a Colorado Springs brand strategist and website designer, states she has more than 20 years of marketing and sales experience plus formal design training, and lists brand strategy and identity, custom website design, SEO, and graphic design support among her services for small businesses.",https://www.accreativeservices.com,,,,Colorado Springs,Colorado,CO,,US,local,,,Brand Strategy | Brand Identity | Website Design | SEO | Graphic Design Support,,,,https://www.accreativeservices.com,https://www.acvirtualassistant.com/blog,"Official site (accreativeservices.com) confirms name, founder/creative director role, Colorado Springs brand strategist positioning, 20+ years experience, and service list. A related studio blog mentions Amber Warren as founder of the Colorado Springs branding studio; independent coverage is thin.",2026-10-05,medium,Secondary source is thin (a related studio blog); no public phone or email found on the official site.,accepted
marketing-professionals-content-writer-001,professional,Marketing,marketing-professionals,Content Writer,content-writer,Kristi Hines,kristi-hines,Content Writer,,"Kristi Hines is a freelance content writer in Phoenix, Arizona, whose writing has appeared in more than 50 online publications including Content Marketing Institute, Moz, Salesforce, and Search Engine Journal.","Kristi Hines is a freelance content writer, ghostwriter, and professional blogger in Phoenix, Arizona. Her site describes her as a content writer, photographer, and local marketing specialist. Her writing has appeared in more than 50 online publications including Content Marketing Institute, Moz, Salesforce, Search Engine Journal, Search Engine Watch, and Social Media Examiner. She also teaches content creators how to drive traffic and engagement through her Content Promotion Plan course.",https://kristihines.com,,,,Phoenix,Arizona,AZ,,US,local,,,Blog Writing | Content Marketing | Ghostwriting | Website Copy,,,,https://kristihines.com,https://www.goodreads.com/author/show/4943125.Kristi_Hines | https://contentmarketinginstitute.com/author/kristi-hines,"Official site (kristihines.com) confirms name and title 'content writer'. Goodreads author profile confirms Phoenix, AZ location and publication credits; Content Marketing Institute author page confirms her freelance writer/ghostwriter role.",2026-10-05,high,"Phoenix, AZ location confirmed via Goodreads author profile; her own site does not publish a street address.",accepted
marketing-professionals-copywriter-001,professional,Marketing,marketing-professionals,Copywriter,copywriter,Laura Belgray,laura-belgray,Copywriter,Talking Shrimp,"Laura Belgray is a copywriter in New York, New York, and the founder of Talking Shrimp, co-creator of The Copy Cure, and author of Tough Titties.","Laura Belgray is a copywriter and the founder of Talking Shrimp, based in New York, New York. Her site states she spent decades writing promos for television clients including Nickelodeon, Nick at Nite, TV Land, HBO, Bravo, and Fandango before focusing on copywriting for online entrepreneurs. She is the co-creator of The Copy Cure with Marie Forleo and the author of Tough Titties: On Living Your Best Life When You're the F'ing Worst.",https://talkingshrimp.com/,,,,New York,New York,NY,,US,local,,,Email Copywriting | Website Copy | Copywriting Training,,,,https://talkingshrimp.com/storygoldmine,https://www.iheart.com/podcast/269-the-selfish-gift-go-public-95298482/episode/the-lazy-persons-guide-to-wild-115879968/ | https://www.piasilva.com/show-notes/154-laura-belgray,"Official site (talkingshrimp.com) confirms name, copywriting expert title, founder of Talking Shrimp, co-creator of The Copy Cure, and TV client history. iHeart podcast episode and Pia Silva show notes independently confirm her copywriter role and founder status.",2026-10-05,medium,New York location is supported by secondary profiles but not published on her own site; no public business phone or email found.,accepted
marketing-professionals-digital-marketer-001,professional,Marketing,marketing-professionals,Digital Marketer,digital-marketer,Jay Baer,jay-baer,Digital Marketing Strategist,Convince & Convert,"Jay Baer is a digital marketing strategist and founder of Convince & Convert, a New York Times best-selling author of seven books, and an advisor to more than 700 brands including 40 of the Fortune 500.","Jay Baer is a digital marketing strategist, speaker, and author who founded Convince & Convert in 2008. His site states he has advised more than 700 brands, including 40 of the Fortune 500, and that he is a New York Times best-selling author of seven books. The Content Marketing Institute describes him as a hype-free digital marketing strategist who has consulted with more than 700 companies on digital marketing since 1994, and named his Convince & Convert blog the world's number one content marketing blog.",https://www.jaybaer.com/,,,,,,,,US,national,United States,,Digital Marketing Strategy | Content Marketing | Customer Experience | Social Media Strategy,,,,https://www.jaybaer.com/,https://contentmarketinginstitute.com/author/jay-baer | https://www.kepplerspeakers.com/speakers/jay-baer,"Official site (jaybaer.com) confirms name, founder of Convince & Convert, seven NYT best-selling books, and 700+ advised brands. Content Marketing Institute author page confirms his digital marketing strategist role and consulting history; Keppler Speakers profile confirms the same.",2026-10-05,high,"City/state not published on his site; he consults nationally, so location type is national.",accepted
marketing-professionals-email-marketing-specialist-001,professional,Marketing,marketing-professionals,Email Marketing Specialist,email-marketing-specialist,Jeanne Jennings,jeanne-jennings,Email Marketing Specialist,Email Optimization Shop,"Jeanne Jennings is an email marketing specialist in Washington, DC, and the founder and chief strategist of Email Optimization Shop.","Jeanne Jennings is the founder and chief strategist of Email Optimization Shop, a boutique email marketing consultancy, and is based in Washington, DC. Her site states she has focused on email marketing since 2000, served on the board of the Email Experience Council, wrote a twice-monthly email marketing column for ClickZ from 2001 to 2016, and authored The Email Marketing Kit: The Ultimate Email Marketer's Bible. She is also an adjunct professor teaching digital marketing at Georgetown University and general manager of the Only Influencers community. Her published contact details are 202.365.0423 and Hello@EmailOpShop.com.",https://emailopshop.com/,202.365.0423,Hello@EmailOpShop.com,,Washington,District of Columbia,DC,,US,local,,,Email Marketing Strategy | Email Optimization | Email Training | AI for Email Campaigns,,,,https://emailopshop.com/about-jeanne-jennings/,https://gufaculty360.georgetown.edu/s/contact/00336000015a0icAAA/jeanne-jennings | https://martech.org/author/jeanne-jennings/,"Official site (emailopshop.com/about-jeanne-jennings) confirms name, title, founder of Email Optimization Shop, Washington DC base, phone, email, and career history. Georgetown faculty page and MarTech author page independently confirm her email marketing consultant role.",2026-10-05,high,Email published as Hello@EmailOpShop.com on her site.,accepted
marketing-professionals-ppc-specialist-001,professional,Marketing,marketing-professionals,PPC Specialist,ppc-specialist,Kirk Williams,kirk-williams,PPC Specialist,ZATO,"Kirk Williams is a paid search specialist in Billings, Montana, and the owner of ZATO, a PPC micro-agency focused on Google and Microsoft Ads.","Kirk Williams is the owner of ZATO, a paid search PPC micro-agency based in Billings, Montana. His site states he has been named one of the Top 25 Most Influential PPCers in the world by PPC Hero and PPC Survey nine years in a row (2016-2025), writes for industry publications including Shopify, Moz, and Search Engine Land, and speaks at conferences on paid search, especially Shopping Ads. In 2023 he gave a TEDx Billings talk, and he has written three books on PPC marketing and agency ownership.",https://zatomarketing.com/,,,,Billings,Montana,MT,,US,local,,,Google Ads Management | Shopping Ads | Microsoft Advertising | PPC Audits | PPC Consulting,,,,https://zatomarketing.com/kirk-williams,https://ppchero.com/speaker/kirk-williams/ | https://www.searchenginejournal.com/author/kirk-williams/,"Official site (zatomarketing.com/kirk-williams) confirms name, owner of ZATO, Billings MT residence, Top 25 PPCer recognition, books, and TEDx talk. PPC Hero speaker page and Search Engine Journal author page independently confirm his PPC specialist role.",2026-10-05,high,No public business phone or email on the official site; contact is via a form.,accepted
marketing-professionals-seo-specialist-001,professional,Marketing,marketing-professionals,SEO Specialist,seo-specialist,Glenn Gabe,glenn-gabe,SEO Consultant,G-Squared Interactive,"Glenn Gabe is an SEO and AI Search consultant in Princeton, New Jersey, and founder of G-Squared Interactive, offering algorithm update recovery, technical SEO audits, and SEO training.","Glenn Gabe is a digital marketing veteran with over 30 years of experience and the founder of G-Squared Interactive (GSQi), an SEO and AI Search consultancy in Princeton, New Jersey. His site lists core services including algorithm update recovery, AI Search consulting, technical SEO and AI audits, SEO consulting for website redesigns and migrations, and SEO and AI Search training. He has been a columnist at Search Engine Land and a contributor at Search Engine Roundtable, and he publishes the blog The Internet Marketing Driver and the video podcast SEO From The Front Lines.",https://www.gsqi.com/,,,,Princeton,New Jersey,NJ,,US,local,,,Algorithm Update Recovery | Technical SEO Audits | AI Search Consulting | SEO for Site Migrations | SEO Training,,,,https://www.gsqi.com/about-glenn-gabe/,https://searchengineland.com/author/glenn-gabe | https://www.searchenginejournal.com/author/glenn-gabe/,"Official site (gsqi.com/about-glenn-gabe) confirms name, title, Princeton NJ location, founder of G-Squared Interactive, service list, and publishing history. Search Engine Land and Search Engine Journal author pages independently confirm his SEO consultant role.",2026-10-05,high,No public phone or email found on the official site; contact is via a form.,accepted
marketing-professionals-social-media-manager-001,professional,Marketing,marketing-professionals,Social Media Manager,social-media-manager,Andrea Vahl,andrea-vahl,Social Media Consultant,,"Andrea Vahl is a social media consultant and speaker in Louisville, Colorado, and the co-author of Facebook Marketing All-in-One for Dummies.","Andrea Vahl is a social media speaker and consultant based in Louisville, Colorado. Her site states she co-authored Facebook Marketing All-in-One for Dummies and wrote Facebook Ads Made Simple, and that she founded the Facebook Advertising Secrets online learning program. She was previously the community manager for Social Media Examiner and has appeared on top lists on Entrepreneur.com and Inc.com. Her site footer lists a P.O. Box in Louisville, CO and phone (720) 432-4632.",https://www.andreavahl.com/,(720) 432-4632,,,Louisville,Colorado,CO,80027,US,local,,,Social Media Consulting | Facebook Ads | Instagram Ads | Social Media Training | Speaking,,,,http://www.andreavahl.com/about,https://www.marketingprofs.com/authors/3652/andrea-vahl | https://www.espeakers.com/marketplace/profile/23268/Andrea-Vahl,"Official site (andreavahl.com/about) confirms name, title 'Social Media Speaker and Consultant', book authorship, and Louisville CO P.O. Box with phone. MarketingProfs author page and eSpeakers profile independently confirm her social media consultant role.",2026-10-05,high,"Street address is a P.O. Box (270755, Louisville CO 80027); recorded zip only.",accepted
pets-animals-animal-hospital-001,business,Pet Services & Animals,pets-animals,Animal Hospital,animal-hospital,Madison Street Animal Hospital,madison-street-animal-hospital,,,"Madison Street Animal Hospital is a veterinary hospital in Seattle, Washington, offering wellness care, dental care, diagnostics, surgery, and cat boarding.","Madison Street Animal Hospital is a veterinary hospital in Seattle, Washington, serving the Capitol Hill, Madison Valley, and Madison Park communities. Its publicly listed services include wellness exams, dental care, diagnostic services, surgery, and veterinarian-supervised cat boarding in a climate-controlled environment. The hospital is part of the Cara Veterinary Network.",https://madisonstreetanimalhospital.com/,206-538-0890,info@madisonstreetanimalhospital.com,2215 E Madison Street,Seattle,Washington,WA,98112,US,local,,Mon-Sat 8:00 AM - 6:00 PM; Sun Closed,Wellness Exams | Dental Care | Diagnostic Services | Surgery | Cat Boarding | Urgent Care,,,,https://madisonstreetanimalhospital.com/,,"Official site confirms hospital name, Seattle WA address, phone, email, hours, and services. Independent directory listing confirms the hospital at 2215 E Madison St, Seattle, WA with the same phone.",2026-10-05,medium,"Part of the Cara Veterinary Network. Social follow links exist on the site but full profile URLs were not extractable, so social_profiles is null. Secondary listing details are from search-index data; no standalone secondary URL was captured.",accepted
pets-animals-cat-groomer-001,business,Pet Services & Animals,pets-animals,Cat Groomer,cat-groomer,The Cat Connection,the-cat-connection,,,"The Cat Connection is a cats-only grooming, boarding, and retail business in Dallas, Texas, founded in 1985.","The Cat Connection is a feline-focused business in Dallas, Texas, founded in 1985, offering cats-only grooming and boarding alongside a retail store and online shop for cat products. Its groomers use gentle techniques suited to anxious cats, and the business also carries natural and hard-to-find cat foods, toys, collars, beds, and furniture.",https://thecatconnection.com/,972-386-6369,,4280 Spring Valley Rd,Dallas,Texas,TX,75244,US,local,,Mon-Fri 8:00 AM - 5:00 PM; Sat 8:00 AM - 5:00 PM; Sun Closed,Cat Grooming | Cat Boarding | Cat Retail Products,1985,,,https://thecatconnection.com/,https://www.bizlaza.com/US/Dallas/357020139822/The-Cat-Connection,"Official site confirms business name, Dallas TX address, phone, store hours, cats-only grooming and boarding services, and founding year (1985). BizLaza directory independently lists the business at the same address and phone.",2026-10-05,high,"Cats-only grooming, boarding, and retail business. Founded 1985 is stated on the business's own about page.",accepted
pets-animals-dog-groomer-001,business,Pet Services & Animals,pets-animals,Dog Groomer,dog-groomer,The Wag Shop,the-wag-shop,,,"The Wag Shop is a dog grooming salon in Denver, Colorado, run by Nationally Certified Master Groomer Deidre S. Hered.","The Wag Shop is a dog grooming salon in Denver's Golden Triangle Museum District, owned and operated by National Certified Master Groomer Deidre S. Hered, who has over 20 years of grooming experience. Dogs are groomed one at a time, start to finish, by appointment only. The shop's site notes it was voted Best Dog Groomer in Denver by 5280 Magazine.",https://thewagshop.com/,303-282-1894,,49 West 11th Avenue,Denver,Colorado,CO,,US,local,,Mon-Fri 9:00 AM - 5:00 PM,Dog Grooming,,,,https://thewagshop.com/,https://petgroominginfo.com/Colorado/The-Wag-Shop-5858112,"Official site confirms business name, Denver CO address, phone, hours, groomer credentials, and appointment policy. PetGroomingInfo directory independently lists the salon at the same address and phone.",2026-10-05,high,ZIP code not published on the pages checked; left null. The site states it is currently not accepting new clients. The 5280 Magazine Best Dog Groomer note is stated on the business's own site.,accepted
pets-animals-dog-trainer-001,business,Pet Services & Animals,pets-animals,Dog Trainer,dog-trainer,ADOG Atlanta's Dogwood Obedience Group,adog-atlantas-dogwood-obedience-group,,,"ADOG - Atlanta's Dogwood Obedience Group is a dog training organization in Chamblee, Georgia, offering group obedience, rally, and conformation classes.","ADOG - Atlanta's Dogwood Obedience Group, LLC has been helping handlers and their dogs since 2002 from its 5,800-square-foot training facility in Chamblee, Georgia. It offers group and private obedience training based on positive reinforcement, along with rally and conformation classes, puppy starter classes, and competition classes for experienced handlers.",https://www.adog-ga.com/,(770) 986-8317,train@adog-ga.com,3929 Green Industrial Way,Chamblee,Georgia,GA,30341,US,local,,,Group Obedience Training | Private Obedience Training | Rally Training | Conformation Training | Puppy Starter Classes | Competition Training Classes,2002,,,https://www.adog-ga.com/,https://www.bizlaza.com/US/Atlanta/159618124884563/ADOG---Atlanta%E2%80%99s-Dogwood-Obedience-Group,"Official site confirms organization name, Chamblee GA facility address, phone, email, positive-reinforcement training approach, and class offerings; it states the organization has been operating since 2002. BizLaza directory independently lists the organization at the same address and phone.",2026-10-05,high,"The business's own site gives the facility address as Chamblee, GA 30341. Hours are not published on the official site, so hours are null.",accepted
pets-animals-exotic-pet-care-001,business,Pet Services & Animals,pets-animals,Exotic Pet Care,exotic-pet-care,Safari Veterinary Care Centers,safari-veterinary-care-centers,,,"Safari Veterinary Care Centers is a veterinary hospital in League City, Texas, providing exotic animal medicine and surgery alongside small-animal care.","Safari Veterinary Care Centers is a veterinary hospital in League City, Texas, founded in 1984 by Dr. Steven Garner. In addition to wellness care, orthopedic surgery, rehabilitation, grooming, and boarding, it offers exotic animal medicine and surgery, treating birds, reptiles, and other exotic pets. The center also provides 24-hour emergency medical service for active patients.",https://www.safarivet.com/,281-332-5612,frontdesk@safarivet.com,2402 Marina Bay Dr,League City,Texas,TX,77573,US,local,,Mon-Fri 6:00 AM - 8:00 PM; Sat 9:00 AM - 6:00 PM; Sun 9:00 AM - 6:00 PM,Exotic Animal Medicine | Exotic Animal Surgery | Orthopedic Surgery | Pet Rehabilitation | Wellness Care | Pet Grooming | Pet Boarding | 24-Hour Emergency Care,1984,,,https://www.safarivet.com/,https://www.zipleaf.us/Companies/Safari-Veterinary-Care-Center-Pearland,"Official site confirms business name, League City TX address, phone, email, hours, founding year (1984), and services including exotic animal medicine and surgery (see also the official 'We Never Say No' page at https://www.safarivet.com/the-safari-difference/we-never-say-no/). ZipLeaf directory independently lists the center at the same address and phone.",2026-10-05,high,"The business's 'We Never Say No' page explicitly states it sees exotic animals including birds, reptiles, small furry animals, and primates. Founded 1984 is stated on the official site (Dr. Steven Garner).",accepted
pets-animals-mobile-pet-grooming-001,business,Pet Services & Animals,pets-animals,Mobile Pet Grooming,mobile-pet-grooming,America's Paw Spaw,americas-paw-spaw,,,"America's Paw Spaw is a mobile dog grooming service serving the Dallas/Fort Worth, Texas area.","America's Paw Spaw is a mobile dog grooming service serving Dallas/Fort Worth and surrounding areas in Texas. It bathes, grooms, and pampers dogs of most sizes and breeds in customized salon vehicles, one on one and cage-free, just outside the client's home. Published services include bath packages, full groom packages with haircuts, nail trimming, ear cleaning, paw pad trimming, de-shedding, and oral care add-ons.",https://www.americaspawspaw.com/,940-294-6717,,4430 Prairie Xing,Prosper,Texas,TX,75078,US,local,Dallas/Fort Worth and surrounding areas,,Mobile Dog Bathing | Mobile Dog Grooming with Haircut | Nail Trimming | Ear Cleaning | Paw Pad Trimming | DeShedding | Oral Care,,,,https://www.americaspawspaw.com/,https://www.bringfido.com/resource/41916?i=2025-03-02&o=2025-03-03,"Official site confirms business name, Prosper TX address, text contact number, service area (Dallas/Fort Worth and surrounding areas), and full services and pricing. BringFido directory independently lists the mobile grooming service in Dallas TX with the same phone.",2026-10-05,high,"Mobile grooming service with a published business address in Prosper, TX; service area is Dallas/Fort Worth and surrounding areas. Hours are not published on the official site, so hours are null. Contact is by text at the listed number.",accepted
pets-animals-pet-boarding-daycare-001,business,Pet Services & Animals,pets-animals,Pet Boarding & Daycare,pet-boarding-daycare,The Belmont Pet Resort and Daycare,the-belmont-pet-resort-and-daycare,,,"The Belmont Pet Resort and Daycare is a pet boarding and daycare facility in Nashville, Tennessee, partnered with Belmont Animal Hospital.","The Belmont Pet Resort and Daycare is a pet boarding and daycare facility in Nashville, Tennessee, working in partnership with Belmont Animal Hospital. Its services include overnight dog boarding in private suites, cat boarding, dog daycare, and professional grooming. All staff are trained and certified in dog language and behavior, and the resort offers webcam access for owners.",http://www.thebelmontpetresort.com/,(615) 292-7529,info@thebelmontpetresort.com,3206 Belmont Boulevard,Nashville,Tennessee,TN,37212,US,local,,Mon-Fri 7:00 AM - 6:00 PM (closed for lunch breaks 10:00-11:00 AM and 2:00-3:00 PM); Sat-Sun 7:00 AM - 12:00 PM,Overnight Dog Boarding | Cat Boarding | Dog Daycare | Professional Grooming | Day Boarding,,,,http://www.thebelmontpetresort.com/,https://kennelfinder.com/kennels/the-belmont-pet-resort-and-daycare,"Official site confirms business name, Nashville TN address, phone, email, hours, services, and the Belmont Animal Hospital partnership. Kennel Finder directory independently lists the resort at the same address and phone.",2026-10-05,high,"Hours and email confirmed via the business's own site content. Social profile links not shown on the fetched page, set to null.",accepted
pets-animals-pet-sitter-dog-walker-001,business,Pet Services & Animals,pets-animals,Pet Sitter & Dog Walker,pet-sitter-dog-walker,Majestic Paws,majestic-paws,,,"Majestic Paws is a dog walking and pet sitting company in Chicago, Illinois.","Majestic Paws is a dog walking and pet sitting company in Chicago, Illinois. Its published services include daily dog walking by the same dedicated walker, cat sitting visits, and overnight house-sitting services, with background-checked walkers and a licensed and insured company. Clients book a meet-and-greet and manage services through the company's app.",https://www.majesticpaws.com/,+1 (773) 592-1235,,"330 N Wabash Ave, Floor 23",Chicago,Illinois,IL,60611,US,local,,,Dog Walking | Cat Sitting | Overnight Pet Sitting,,,,https://www.majesticpaws.com/,https://carefurpets.net/illinois/chicago/category/pet-sitter,"Official site confirms business name, Chicago service area, and dog walking and pet sitting services. CareFurPets directory independently lists Majestic Paws Chicago at 330 N Wabash Ave floor 23, Chicago, IL 60611 with the same phone.",2026-10-05,high,"The published address is a floor of a downtown Chicago office building (office location). Hours from directory index are not on the official site, so hours are null.",accepted
pets-animals-pet-supplies-store-001,business,Pet Services & Animals,pets-animals,Pet Supplies Store,pet-supplies-store,Paws on Charles,paws-on-charles,,,"Paws on Charles is an independent pet boutique in Boston's Beacon Hill neighborhood, selling natural pet foods, treats, leashes, collars, apparel, and toys.","Paws on Charles is an independent pet boutique at 123 Charles Street in Boston's Beacon Hill neighborhood. It stocks natural pet foods and treats, leashes and collars, apparel, and toys for dogs and cats, and its back room offers professional dog grooming. Boston Magazine has featured the shop in its Best of Boston pet categories.",https://www.pawsoncharles.com/,617-936-4163,pawsoncharles123@gmail.com,123 Charles St,Boston,Massachusetts,MA,02114,US,local,,,Pet Food & Treats | Leashes & Collars | Pet Apparel | Pet Toys | Dog Grooming,,,,https://www.pawsoncharles.com/,https://www.superpages.com/boston-ma/pet-stores,"Official site confirms business name, Boston MA address, phone, email, and product offerings. Superpages directory independently lists the store at the same address and phone; Boston Magazine features confirm the business's presence.",2026-10-05,high,Hours not published on the official site; left null per rules. Featured in Boston Magazine's Best of Boston pet categories.,accepted
pets-animals-veterinarian-001,business,Pet Services & Animals,pets-animals,Veterinarian,veterinarian,Far West Veterinary Clinic,far-west-veterinary-clinic,,,"Far West Veterinary Clinic is a locally owned full-service veterinary hospital in Austin, Texas, providing medical, surgical, and dental care for small animals.","Far West Veterinary Clinic is a locally owned and operated full-service veterinary hospital in north-central Austin, Texas, opened in 2020 by Dr. Debbie Faludi. Its publicly listed services include exams, vaccinations, surgeries, radiology, dentistry, microchipping, and pharmacy services, with a separate entrance and cat-only exam rooms. New patients are accepted by referral only.",http://www.farwestvet.com/,(512) 553-1833,info@farwestvet.com,3720 Far West Blvd Ste 101,Austin,Texas,TX,78731,US,local,,Mon-Thu 8:00 AM - 6:00 PM; Fri 8:00 AM - 1:00 PM; Sat-Sun Closed,Wellness Exams | Vaccinations | Surgeries | Radiology | Dentistry | Microchipping | Pharmacy,2020,"{""facebook"": ""https://www.facebook.com/farwestvetclinic/"", ""instagram"": ""https://www.instagram.com/farwestvet/"", ""twitter"": ""https://twitter.com/clinic_far""}",,http://www.farwestvet.com/,https://vets.greatpetcare.com/texas/austin,"Official site confirms clinic name, Austin TX address, phone, email, hours, doctors, and services; it states the clinic opened in 2020. GreatPetCare vet directory independently lists the clinic at the same address and phone.",2026-10-05,high,"Social profile links (Facebook, Twitter/X, Instagram) are linked from the official site. New patients accepted by referral only, per the site.",accepted
professional-services-accountant-001,business,Professional Services,professional-services,Accountant,accountant,RSM US LLP,rsm-us-llp,,,"RSM US LLP is a professional services firm headquartered in Chicago, Illinois, providing assurance, tax, and consulting services to middle-market businesses.","RSM US LLP operates as the U.S. member firm of the RSM International network and focuses on serving the middle market. Its published service lines include assurance, tax, and consulting. The firm lists 77 offices across the United States along with additional locations in Canada, India, and El Salvador.",https://rsmus.com,+1 312-634-3400,,"30 S Wacker Dr, Suite 3300",Chicago,Illinois,IL,60606,US,national,United States,,Assurance | Tax | Consulting,,,,https://rsmus.com,https://en.wikipedia.org/wiki/RSM_US,"Official site title confirms the firm name and its assurance, tax, and consulting service lines for the middle market. Wikipedia confirms headquarters at 30 South Wacker, Chicago, Illinois, 77 U.S. locations, and the listed service areas. Phone and suite-level address corroborated by third-party business directories (SignalHire, haveinlist.com); not shown on the official homepage.",2026-10-05,high,,accepted
professional-services-attorney-001,business,Professional Services,professional-services,Attorney,attorney,Holland & Knight LLP,holland-knight,,,"Holland & Knight LLP is a law firm headquartered in Tampa, Florida, providing legal representation in litigation, business, financial services, healthcare, real estate, and governmental law through offices across the U.S. and internationally.","Holland & Knight LLP is a law firm headquartered in Tampa, Florida, with offices across the United States and internationally. Founded in 1968, the firm practices in over 300 areas of law, including litigation, business, financial services, healthcare, real estate, wealth and tax, and governmental law. The firm states it has approximately 2,200 attorneys serving clients through 36 offices worldwide.",https://www.hklaw.com,,,,Tampa,Florida,FL,,US,national,36 offices in the U.S. and abroad,,Litigation | Business Law | Financial Services | Healthcare Law | Real Estate Law | Wealth and Tax | Governmental Law,1968,,,https://www.hklaw.com,https://en.wikipedia.org/wiki/Holland_%26_Knight | https://www.linkedin.com/company/holland-knight-llp,"Official site hklaw.com verified loading; confirmed firm name, 36 offices in the U.S. and abroad, approximately 2,200 attorneys, and practice areas (litigation, business, financial services, healthcare, real estate, wealth and tax, governmental law). Wikipedia confirmed HQ Tampa, Florida, founded 1968, and website hklaw.com. LinkedIn confirmed HQ Tampa, Florida and the same practice areas.",2026-10-05,high,"Headquarters city: Wikipedia and LinkedIn both list Tampa, Florida; Chambers lists a Miami office as 'head office' among U.S. offices — used Tampa per the two primary secondary sources. No HQ street address or main phone published on the official homepage, so street/zip/phone are null rather than guessed. Founded 1968 per Wikipedia; not stated on official homepage.",accepted
professional-services-consulting-firm-001,business,Professional Services,professional-services,Consulting Firm,consulting-firm,McKinsey & Company,mckinsey-and-company,,,"McKinsey & Company is a management consulting firm headquartered in New York City, advising corporations, governments, and institutions.","The firm's published offerings include management and strategy consulting, industry expertise, and technology and AI advisory. Its website notes a history of about 100 years of advising senior leadership. McKinsey serves clients worldwide through its global office network.",https://www.mckinsey.com,,,,New York,New York,NY,,US,national,Worldwide,,Management consulting | Strategy consulting | Technology and AI advisory,1926,,,https://www.mckinsey.com,https://en.wikipedia.org/wiki/McKinsey_%26_Company,"Official site verified live; homepage confirms the global management consulting identity and the '100 years of CEO counseling' history reference. Wikipedia confirms headquarters in New York City, founding in 1926 by James O. McKinsey, and worldwide service. No phone number is published on the official homepage, so phone is null.",2026-10-05,high,Year 1926 is supported by the official site's '100 years' reference (as of 2026) and corroborated by Wikipedia's founding year.,accepted
professional-services-financial-advisor-001,business,Professional Services,professional-services,Financial Advisor,financial-advisor,Edward Jones,edward-jones,,,"Edward Jones is a financial services firm headquartered in Des Peres, Missouri, providing investment advice through a network of branch offices.","Founded in 1922, the firm serves individual investors and small businesses through more than 15,000 branch offices in the United States and Canada. Its published services include financial advisory services, investment management, retirement planning, and wealth management. The firm is a limited liability partnership owned by its employees and retired employees.",https://www.edwardjones.com,800-803-3333,,12555 Manchester Road,Des Peres,Missouri,MO,63131,US,national,United States and Canada,,Financial advisory services | Investment management | Retirement planning | Wealth management,1922,,,https://www.edwardjones.com,https://en.wikipedia.org/wiki/Edward_Jones_Investments,"Official site verified live; title confirms 'Financial Advisors and Wealth Strategies'. The firm's official brochure on edwardjones.com lists the home-office address 12555 Manchester Road, St. Louis, MO 63131 and phone 800-803-3333. The company's own LinkedIn profile states founding in 1922. Wikipedia confirms headquarters in Des Peres, Missouri, the branch-office network, and the employee-owned partnership structure.",2026-10-05,high,,accepted
professional-services-insurance-agency-001,business,Professional Services,professional-services,Insurance Agency,insurance-agency,Brown & Brown,brown-and-brown,,,"Brown & Brown is an insurance brokerage firm headquartered in Daytona Beach, Florida, offering commercial insurance, employee benefits, and personal insurance products.","Founded in 1939, the company provides insurance, risk management, and employee benefits solutions to businesses and individuals. Its published offerings include commercial insurance brokerage, employee benefits, personal lines insurance, risk management, and surety bonds. The firm's shares trade on the New York Stock Exchange under the ticker BRO.",https://www.bbrown.com,(386) 252-9601,,300 N Beach St,Daytona Beach,Florida,FL,32114,US,national,United States,,Commercial insurance brokerage | Employee benefits | Personal lines insurance | Risk management | Surety bonds,1939,,,https://www.bbrown.com,https://en.wikipedia.org/wiki/Brown_&_Brown,"Official site confirms the insurance brokerage identity and the listed solution areas (commercial, employee benefits, personal lines, surety). The firm's own site states it began in 1939 as a two-partner firm. Wikipedia confirms headquarters in Daytona Beach, Florida, and NYSE listing. Phone (386) 252-9601 and 300 N Beach St address corroborated by the firm's SEC filings and business directories; street-level address not shown on the official homepage.",2026-10-05,high,,accepted
professional-services-it-services-001,business,Professional Services,professional-services,IT Services,it-services,Ntiva,ntiva,,,"Ntiva is a managed IT services provider headquartered in McLean, Virginia, delivering IT support, cybersecurity, and cloud services to businesses.","The company's published services include managed IT services, cybersecurity, cloud solutions, IT consulting, and business telephony. It operates from 18 locations across the United States and provides 24/7 support backed by a national network. Ntiva was founded in 2004, according to the company's own profile.",https://www.ntiva.com,(844) 257-2537,,"7900 Westpark Drive, Suite A100",McLean,Virginia,VA,22102,US,national,United States,,Managed IT services | Cybersecurity | Cloud solutions | IT consulting | Business telephony,2004,,,https://www.ntiva.com,https://www.linkedin.com/company/ntiva-inc-/,"Official site verified live; homepage shows the phone number (844) 257-2537 and lists managed IT, cybersecurity, cloud, and consulting services. The company's own LinkedIn profile confirms headquarters in McLean, Virginia, founding in 2004, and specialties including managed services and cybersecurity. The street address 7900 Westpark Drive, Suite A100, McLean, VA 22102 is corroborated by SignalHire and the company's own collateral (go.ntiva.com PDF).",2026-10-05,high,,accepted
professional-services-marketing-agency-001,business,Professional Services,professional-services,Marketing Agency,marketing-agency,WebFX,webfx,,,"WebFX is a digital marketing agency headquartered in Harrisburg, Pennsylvania, offering SEO, paid advertising, and web design services.","The agency's published services include search engine optimization, pay-per-click advertising, content marketing, web design and development, and social media marketing. Its website footer dates the company to 1995 and states it serves clients across more than 200 industries. WebFX also develops proprietary marketing software, including its RevenueCloudFX platform.",https://www.webfx.com,888-601-5359,,1705 N Front St,Harrisburg,Pennsylvania,PA,17102,US,national,United States,,SEO | PPC advertising | Content marketing | Web design and development | Social media marketing,1995,"{""facebook"": ""https://www.facebook.com/webfxinc/"", ""x"": ""https://twitter.com/webfx"", ""linkedin"": ""https://www.linkedin.com/company/webfxinc/"", ""youtube"": ""https://www.youtube.com/WebFX"", ""instagram"": ""https://www.instagram.com/webfx""}",,https://www.webfx.com,https://www.chamberofcommerce.com/business-directory/pennsylvania/harrisburg/marketing-agency/12627595-webfx,"Official site verified live; footer shows the phone number 888-601-5359, the 'WebFX 1995-2026' mark (supporting year_established 1995), and all five social profile links. The street address 1705 N Front St, Harrisburg, PA 17102 is corroborated by chamberofcommerce.com, RocketReach, and CIENCE company profiles.",2026-10-05,high,,accepted
professional-services-real-estate-agency-001,business,Professional Services,professional-services,Real Estate Agency,real-estate-agency,Keller Williams Realty,keller-williams-realty,,,"Keller Williams Realty is a real estate franchise company headquartered in Austin, Texas, operating a network of brokerages across the United States.","Founded in 1983, the company operates on a franchise model with more than 1,000 offices worldwide. Its published services include residential home buying and selling, and it provides training and technology platforms for its agents. The company's own profiles describe an agent-centric model that includes profit-sharing for agents.",https://www.kw.com,,,,Austin,Texas,TX,,US,national,United States,,Home selling | Home buying | Real estate consulting | Agent training | Real estate investing,1983,,,https://www.kw.com,https://en.wikipedia.org/wiki/Keller_Williams_Realty | https://www.linkedin.com/company/keller-williams-realty-llc,"Official site (kw.com) verified live and confirms the Keller Williams real estate brand. The company's own LinkedIn profile states 'Since 1983' and lists specialties including selling, buying, consulting, training, connecting, and investing. Wikipedia confirms headquarters in Austin, Texas, and founding in 1983 by Gary Keller and Joe Williams. No phone number published on the official site, so phone is null.",2026-10-05,high,,accepted
professional-services-seo-agency-001,business,Professional Services,professional-services,SEO Agency,seo-agency,Ignite Visibility,ignite-visibility,,,"Ignite Visibility is a digital marketing agency based in San Diego, California, specializing in search engine optimization and paid media services.","The agency's published services include SEO, local SEO, enterprise SEO, paid media, social media marketing, email marketing, and conversion rate optimization. Its website footer lists offices in San Diego, Irvine, Orlando, and New York. Company-published materials state the agency was launched in 2013 by co-founders John Lincoln and Krish Coughran.",https://ignitevisibility.com,(619) 752-1955,,"4370 La Jolla Village Drive, Suite 320",San Diego,California,CA,92122,US,national,United States,,SEO | Local SEO | Enterprise SEO | Paid media (PPC) | Social media marketing | Email marketing | Conversion rate optimization | Website design and development,2013,"{""linkedin"": ""https://www.linkedin.com/company/ignite-visibility/"", ""facebook"": ""https://www.facebook.com/IgniteVisibility"", ""instagram"": ""https://www.instagram.com/ignitevisibility"", ""youtube"": ""https://www.youtube.com/user/IgniteVisibility""}",,https://ignitevisibility.com,https://www.signalhire.com/companies/ignite-visibility,"Official site verified live; footer shows phone (619) 752-1955, the San Diego street address with ZIP 92122, and all four social profile links. The services nav on the official site lists SEO, local SEO, AI SEO, enterprise SEO, paid media, social media, email marketing, CRO, and web design. The 2013 founding is stated in company-published PR (PRWeb) and corroborated by Clutch and SignalHire. Note: some third-party directories show ZIP 92121 for the same street address; the official site footer shows 92122, which is used here.",2026-10-05,high,,accepted
professional-services-tax-consultant-001,business,Professional Services,professional-services,Tax Consultant,tax-consultant,Ryan LLC,ryan-llc,,,"Ryan LLC is a tax services firm headquartered in Dallas, Texas, providing tax consulting, compliance, and recovery services to businesses.","The firm provides an integrated suite of federal, state, local, and international tax services, including tax recovery, consulting, advocacy, and compliance. Its published service areas include property tax, income tax, employment tax, indirect tax, severance tax, and unclaimed property. Ryan also offers tax technology software for compliance, reporting, and documentation.",https://ryan.com,,,,Dallas,Texas,TX,,US,national,United States,,Tax credits and incentives | Employment tax | Income tax | Indirect tax | Property tax | Severance tax and royalty | Unclaimed property | Tax software solutions,,,,https://ryan.com,https://en.wikipedia.org/wiki/Ryan_LLC,"Official site (ryan.com) verified live; homepage lists the full tax service menu used for the services array. Wikipedia confirms headquarters in Dallas, Texas, founding in 1991, and the tax services/software business. The company's own LinkedIn profile confirms Dallas headquarters and specialties including tax services, property tax, and tax compliance. No phone number shown on the official homepage, so phone is null.",2026-10-05,high,,accepted
professional-services-web-development-agency-001,business,Professional Services,professional-services,Web Development Agency,web-development-agency,Lounge Lizard,lounge-lizard,,,"Lounge Lizard is a web design and digital marketing agency headquartered in Holbrook, New York, building websites and marketing campaigns for brands.","The agency's published services include web design, web development, ecommerce website development, branding services, SEO, and digital marketing. Its website states it has operated since 1998 and lists offices in New York, Long Island, Washington D.C., Nashville, Miami, Richmond, Los Angeles, and Charleston. Lounge Lizard describes itself as a family-owned digital agency.",https://www.loungelizard.com,1-888-444-0110,,991 Main Street,Holbrook,New York,NY,11741,US,national,United States,,Web design | Web development | Ecommerce website development | Branding services | SEO and AEO | Digital marketing,1998,,,https://www.loungelizard.com,https://www.signalhire.com/companies/lounge-lizard-worldwide-inc-web-design-company-mobile-app-developer,"Official site verified live; homepage states 'Since 1998' and lists the web design, development, branding, SEO/AEO, and digital marketing services. The phone number 1-888-444-0110 appears in the company's own press releases on loungelizard.com. The Holbrook, NY headquarters address (991 Main Street, Holbrook, NY 11741) is stated in the company's own press release text; corroborated by SignalHire.",2026-10-05,high,,accepted
real-estate-apartment-rentals-001,business,Real Estate & Properties,real-estate,Apartment Rentals,apartment-rentals,Camden Property Trust,camden-property-trust,,,"Camden Property Trust is a publicly traded apartment REIT headquartered in Houston, Texas, owning and managing luxury and middle-market apartment communities across the United States.","Camden Property Trust is a publicly traded real estate investment trust headquartered in Houston, Texas, founded in 1981, focused on apartment communities across the United States. It owns, develops, and manages multifamily apartment communities under the 'Camden' brand at camdenliving.com. The company is a component of the S&P 500.",https://www.camdenliving.com,713-354-2500,,,Houston,Texas,TX,,US,national,United States,,Apartment rentals | Apartment community management | Apartment development,1981,,,https://www.camdenliving.com/,https://en.wikipedia.org/wiki/Camden_Property_Trust,"Official site (camdenliving.com) verified live; confirms luxury apartments for rent nationwide and phone 713-354-2500. Wikipedia article 'Camden Property Trust' (independent secondary source) confirms headquarters in Houston, Texas and founding in 1981.",2026-10-05,high,"Business operates its apartment rental brand at camdenliving.com. Wikipedia lists founding 1981 and HQ at 11 Greenway Plaza, Houston. Phone 713-354-2500 from camdenliving.com.",accepted
real-estate-commercial-real-estate-001,business,Real Estate & Properties,real-estate,Commercial Real Estate,commercial-real-estate,CBRE,cbre,,,"CBRE is a commercial real estate services and investment firm headquartered in Dallas, Texas, providing brokerage, facilities management, capital markets, and investment services globally.","CBRE Group, Inc. is an American commercial real estate services and investment firm with corporate headquarters in Dallas, Texas, founded in 1906. Its services for occupiers include facilities management, project management, property sales and leasing, and consulting; for investors it offers capital markets, investment management, property management, valuation, and development services. The company moved its global headquarters from Los Angeles to Dallas in 2020.",https://www.cbre.com,,,,Dallas,Texas,TX,,US,national,Worldwide,,Commercial real estate brokerage | Facilities management | Project management | Capital markets | Property management | Investment management | Valuation,1906,,,https://www.cbre.com/,https://en.wikipedia.org/wiki/CBRE_Group,"Official site (cbre.com) verified live; confirms commercial real estate services and investment offerings (invest, plan/lease/occupy, design/build, manage properties). Wikipedia (independent secondary source) confirms corporate headquarters in Dallas, Texas and founding in 1906.",2026-10-05,high,"Wikipedia lists corporate headquarters in Dallas, Texas (global financial HQ in New York City). Founded 1906 as Tucker, Lynch & Coldwell.",accepted
real-estate-home-inspector-001,business,Real Estate & Properties,real-estate,Home Inspector,home-inspector,Pillar To Post Home Inspectors,pillar-to-post-home-inspectors,,,"Pillar To Post Home Inspectors is a home inspection company headquartered in Tampa, Florida, providing residential inspections and ancillary testing services through franchises across the US and Canada.","Pillar To Post Home Inspectors is a home inspection company headquartered in Tampa, Florida, founded in 1994. It operates a franchise network across 48 US states and 9 Canadian provinces, providing inspections of residential structures and major systems along with added services such as radon testing, mold testing, and septic inspections.",https://www.pillartopost.com,800-294-5591,,14502 North Dale Mabry Suite 200,Tampa,Florida,FL,33618,US,national,United States and Canada,,Home inspections | Radon testing | Mold testing | Septic system inspection | Pool inspection | Water quality testing | Lead testing | Well water testing | Wind mitigation inspection | Termite inspection,1994,,,https://pillartopost.com/,https://www.linkedin.com/company/pillar-to-post | https://www.cbinsights.com/company/pillar-to-post-home-inspectors,"Official site (pillartopost.com) verified live; confirms home inspection packages and added services (radon, mold, septic, pool, water, lead, well, wind mitigation, termite) and phone 800-294-5591. LinkedIn company profile and CB Insights (secondary sources) confirm Tampa, FL headquarters and 1994 founding.",2026-10-05,high,"Street address (14502 North Dale Mabry Suite 200, Tampa, FL 33618) from CB Insights directory profile; official site phone 800-294-5591. Operates via franchise model in 48 US states and 9 Canadian provinces per official site.",accepted
real-estate-mortgage-broker-001,business,Real Estate & Properties,real-estate,Mortgage Broker,mortgage-broker,Better,better-mortgage,,,"Better is an online mortgage company based in New York, New York, offering purchase mortgages, refinancing, home equity loans, and VA loans.","Better is an online mortgage company operated by Better Mortgage Corporation, based at 1 World Trade Center in New York, New York. Its published products include purchase mortgages, refinance, home equity (HELOC), and VA loans, along with mortgage calculators and agent-match services. The company describes its process as a simple, online mortgage application.",https://www.better.com,+1-415-523-8837,,"1 World Trade Center, 80th Floor",New York,New York,NY,10007,US,local,United States,['Mo-Su 00:00-23:59'],Purchase mortgages | Refinance | Home equity (HELOC) | VA loans | Title and closing services,,,,https://www.better.com/,https://en.wikipedia.org/wiki/Better_Home_%26_Finance,"Official site (better.com) verified live; footer lists Better Mortgage Corporation, 1 World Trade Center, 80th Floor, New York, NY 10007, phone +1-415-523-8837, and daily hours 00:00-23:59.",2026-10-05,medium,"Better Mortgage Corporation address (1 World Trade Center, 80th Floor, New York, NY 10007) and hours (Mo-Su 00:00-23:59) published on better.com. Founding year not published on the fetched pages; set to null.",accepted
real-estate-property-management-001,business,Real Estate & Properties,real-estate,Property Management,property-management,Greystar,greystar,,,"Greystar is a real estate company headquartered in Charleston, South Carolina, providing investment management, development, and property management of rental housing.","Greystar Real Estate Partners is a real estate company headquartered in Charleston, South Carolina, founded in 1993 by Bob Faith. It offers expertise in investment management, development, and management of rental housing properties globally. The company describes itself as operating rental housing in nearly 200 markets worldwide and as one of the largest apartment operators in the United States.",https://www.greystar.com,,,,Charleston,South Carolina,SC,,US,national,Worldwide,,Property management | Investment management | Property development | Apartment rentals,1993,,,https://www.greystar.com/,https://en.wikipedia.org/wiki/Greystar,"Official site (greystar.com) verified live; confirms rental housing communities, property management, investment management, and development. Wikipedia article 'Greystar' (independent secondary source) confirms headquarters in Charleston, South Carolina and founding in 1993.",2026-10-05,high,Wikipedia article title is 'Greystar' (Greystar Real Estate Partners). 'Over 1 million apartments to rent' and services text from official greystar.com.,accepted
real-estate-real-estate-agency-001,business,Real Estate & Properties,real-estate,Real Estate Agency,real-estate-agency,RE/MAX,remax,,,"RE/MAX is an international real estate franchise headquartered in Denver, Colorado, listing homes for sale and rent and connecting clients with agents worldwide.","RE/MAX (officially RE/MAX Holdings, Inc., short for Real Estate Maximums) is an international real estate franchise headquartered in Denver, Colorado, founded in 1973 by Dave Liniger and Gail Liniger. The company operates a network of independently owned real estate offices in over 100 countries and territories, listing homes for sale and rent and connecting buyers and sellers with agents. Its subsidiaries include Motto Mortgage and wemlo.",https://www.remax.com,,,,Denver,Colorado,CO,,US,national,Worldwide,,Home sale listings | Home rental listings | Agent search | Home valuation | Real estate advice,1973,,,https://www.remax.com/,https://en.wikipedia.org/wiki/RE/MAX,"Official site (remax.com) verified live; confirms real estate listings, home values, and agent search services. Wikipedia (independent secondary source) confirms headquarters in Denver, Colorado and founding in 1973.",2026-10-05,high,"Location type 'national' reflects the international franchise network headquartered in Denver. The business entity name in Wikipedia is 'RE/MAX Holdings, Inc.'",accepted
real-estate-real-estate-appraisal-001,business,Real Estate & Properties,real-estate,Real Estate Appraisal,real-estate-appraisal,Valbridge Property Advisors,valbridge-property-advisors,,,"Valbridge Property Advisors is a commercial real estate appraisal and valuation advisory firm headquartered in Naples, Florida, serving office, industrial, retail, and multi-family property types.","Valbridge Property Advisors is a commercial real estate appraisal and valuation advisory firm headquartered in Naples, Florida, launched in 2013 through the combination of 42 independent appraisal companies. It provides appraisal and valuation advisory services for property types including office, industrial, retail, multi-family, hotels and hospitality, and special purpose properties. The firm operates offices across the United States.",https://valbridge.com,,,2240 Venetian Court,Naples,Florida,FL,34109,US,national,United States,,Commercial property appraisal | Valuation advisory | Office property appraisal | Industrial property appraisal | Retail property appraisal | Multi-family property appraisal | Hotels and hospitality appraisal | Special purpose property appraisal,2013,,,https://valbridge.com/,https://www.commercialsearch.com/news/42-appraisal-firms-combine-to-launch-valbridge-property-advisors/ | https://Rocketreach.co/valbridge-property-advisorsr-profile_b5e83d7ef42e86d2,"Official site (valbridge.com) verified live; confirms commercial appraisal and valuation advisory services across office, industrial, retail, multi-family, hospitality, and special purpose property types. Commercial Property Executive report (independent secondary source) confirms Naples, Florida headquarters and 2013 formation from 42 combined firms; RocketReach confirms 2240 Venetian Court, Naples, FL 34109.",2026-10-05,medium,Formed in 2013 through the combination of 42 independent CRE appraisal firms (Commercial Property Executive report). Florida incorporation record shows 2011; 2013 used as the founding/launch year per launch reporting.,accepted
real-estate-title-escrow-services-001,business,Real Estate & Properties,real-estate,Title & Escrow Services,title-escrow-services,First American Title,first-american-title,,,"First American Title is a title insurance and settlement services company headquartered in Santa Ana, California, serving homebuyers, sellers, agents, and lenders.","First American Title Insurance Company is a title insurance and settlement services provider headquartered in Santa Ana, California, tracing its history to 1889. It offers title insurance protection and professional settlement services for homebuyers and sellers, real estate agents, mortgage lenders, and commercial property professionals. The company operates through direct operations and a network of agents in the United States and abroad.",https://www.firstam.com,,,1 First American Way,Santa Ana,California,CA,92707,US,national,United States,,Title insurance | Settlement services | Escrow services,1889,,,https://www.firstam.com/,https://en.wikipedia.org/wiki/First_American_Financial_Corporation,"Official site (firstam.com) verified live; confirms title insurance and settlement services offerings. Wikipedia article 'First American Financial Corporation' (independent secondary source) confirms headquarters at 1 First American Way, Santa Ana, California and history dating to 1889.",2026-10-05,high,"First American Title Insurance Company is the largest subsidiary of First American Financial Corporation (NYSE: FAF) and traces its history to 1889. HQ address 1 First American Way, Santa Ana, CA 92707 from Wikipedia article.",accepted
real-estate-vacation-rental-management-001,business,Real Estate & Properties,real-estate,Vacation Rental Management,vacation-rental-management,Vacasa,vacasa,,,"Vacasa is a vacation rental management company based in Portland, Oregon, managing vacation rentals across the United States, Belize, and Costa Rica.","Vacasa, Inc. is a vacation rental management company based in Portland, Oregon, founded in 2009 by Eric Breon and Cliff Johnson. It provides property management services for vacation rentals across 34 US states, plus properties in Belize and Costa Rica. Its services include full-service vacation rental management, booking, homeowner support, real estate brokerage, community association management, and interior design.",https://www.vacasa.com,1-800-544-0300,,850 NW 13th Ave,Portland,Oregon,OR,97209,US,national,"United States, Belize, Costa Rica",,Vacation rental management | Vacation rental booking | Homeowner support | Real estate brokerage | Community association management | Interior design,2009,,,https://www.vacasa.com/,https://en.wikipedia.org/wiki/Vacasa,"Official site (vacasa.com) verified live; footer lists 'Vacasa, 850 NW 13th Ave, Portland, OR 97209' and phone +1(503) 345-9399; homepage confirms vacation rental management services. Wikipedia (independent secondary source) confirms headquarters in Portland, Oregon and founding in 2009.",2026-10-05,high,Acquired by Casago in May 2025 in a $130 million all-cash transaction; Vacasa continues to operate under the Vacasa brand and website.,accepted
restaurants-food-bakery-001,business,Food & Restaurants,restaurants-food,Bakery,bakery,Tartine Bakery,tartine-bakery,,,"Tartine Bakery is a bakery in San Francisco, California, selling artisan bread, pastries, and sandwiches.","Tartine Bakery is a bakery in the Mission District of San Francisco, California, at 600 Guerrero Street. The bakery's own published history states that co-owners Elisabeth Prueitt and Chad Robertson opened it in 2002 after training and baking in France and Point Reyes. Its offerings center on bread and pastries, including the country loaf and morning bun, and the business also operates Tartine Manufactory, an all-day eatery in San Francisco.",https://tartinebakery.com/,(415) 487-2600,,600 Guerrero St,San Francisco,California,CA,94110,US,local,"San Francisco, CA",,Artisan bread | Pastries and desserts | Sandwiches | Coffee,2002,,,https://tartinebakery.com/,https://www.yellowpages.com/san-francisco-ca/mip/tartine-bakery-10773390 | https://www.foodyas.com/US/San-Francisco/64428277906/Tartine-Bakery,"Official site verified loading at tartinebakery.com. The bakery's own published bio states it opened in San Francisco in 2002. Yellow Pages and foodyas.com independently confirm address 600 Guerrero St, San Francisco, CA 94110 and phone (415) 487-2600.",2026-10-05,medium,"Official site (tartinebakery.com) verified loading but is JavaScript-heavy with limited text extraction; address, phone, and 2002 founding confirmed via the bakery's own published bio text (indexed) and consistent secondary sources (Yellow Pages, foodyas.com). Hours omitted due to conflicting secondary reports.",accepted
restaurants-food-barbecue-001,business,Food & Restaurants,restaurants-food,Barbecue,barbecue,Franklin Barbecue,franklin-barbecue,,,"Franklin Barbecue is a barbecue restaurant in Austin, Texas, serving smoked brisket, ribs, sausage, and turkey.","Franklin Barbecue is a barbecue restaurant at 900 E. 11th Street in Austin, Texas. Its official site lists the address and phone (512) 653-1187 and states it is open for lunch Tuesday through Sunday until sold out, closed Mondays. Publicly listed offerings include USDA Prime brisket, pork ribs, pulled pork, jalapeño cheddar sausage, smoked turkey, sides, pies, e-gift cards, and the Franklin Backyard event venue.",https://franklinbarbecue.com/,(512) 653-1187,,900 E 11th St,Austin,Texas,TX,78702,US,local,"Austin, TX",Tuesday - Sunday 11:00 AM until sold out (around 2:00 or 3:00 PM); Monday closed,Smoked brisket | Pork ribs | Pulled pork | Sausage | Smoked turkey | Sides | Pies | Event venue rentals | Online ordering,,,,https://franklinbarbecue.com/,https://www.frommers.com/destinations/austin/restaurants/franklin-barbecue/ | https://aroundus.com/p/5444236-franklin-barbecue,"Official site (franklinbarbecue.com) verified loading; confirms address 900 E 11th Street, Austin, TX 78702, phone (512) 653-1187, Tuesday-Sunday lunch hours until sold out (closed Monday), and menu items. Frommer's and AroundUs independently confirm the same address, phone, and hours.",2026-10-05,high,"Address, phone, and hours all stated on the official site. Founding year not stated on the official homepage; set to null.",accepted
restaurants-food-cafe-001,business,Food & Restaurants,restaurants-food,Cafe,cafe,Blue Bottle Coffee,blue-bottle-coffee,,,"Blue Bottle Coffee is a coffee roaster and cafe operator headquartered in Oakland, California, with cafes in multiple US cities.","Blue Bottle Coffee is a coffee roaster and cafe operator with cafes in multiple US cities and an online store, headquartered in Oakland, California. The company's official site presents fresh-roasted specialty coffee, signature blends, coffee subscriptions, and brew equipment. Founded in 2002 according to public company profiles, it operates cafe locations in the Bay Area, Los Angeles, New York, Washington DC, Boston, and Chicago.",https://bluebottlecoffee.com/,,,,Oakland,California,CA,,US,national,United States,,Specialty coffee cafes | Fresh-roasted coffee beans | Coffee subscriptions | Brew tools and drinkware,,,,https://bluebottlecoffee.com/,https://en.wikipedia.org/wiki/Blue_Bottle_Coffee,"Official site (bluebottlecoffee.com) verified loading; confirms specialty coffee retail, cafe operations, subscriptions, and brew products. Wikipedia confirms founding year 2002, Oakland CA headquarters, and multi-city US cafe presence.",2026-10-05,medium,"Street address and zip not verified on the official site, so only city/state recorded for HQ. Phone/email not published for general contact on official site; set to null.",accepted
restaurants-food-catering-001,business,Food & Restaurants,restaurants-food,Catering,catering,Great Performances,great-performances,,,"Great Performances is a catering and hospitality company in The Bronx, New York, serving events, weddings, galas, and workplace dining.","Great Performances is a catering and hospitality company in New York City, headquartered at 2417 3rd Avenue, Suite 300 in The Bronx. Its official site states it was founded in 1980 and now produces corporate events, cultural galas, weddings, and private celebrations, serving as exclusive or preferred caterer for venues including The Plaza Hotel and Jazz at Lincoln Center. The company also operates cafes, restaurants, and workplace dining programs and grows produce on its own 60-acre organic Katchkie Farm in the Hudson Valley.",http://greatperformances.com/,(212) 727-2424,celebratefood@greatperformances.com,"2417 3rd Avenue, Suite 300",The Bronx,New York,NY,10451,US,local,"New York City, NY",,"Event catering | Corporate events | Weddings | Cultural galas | Private celebrations | Hospitality management (cafes, restaurants, workplace dining)",1980,,,http://greatperformances.com/,https://www.broadwayworld.com/bwwfood-wine/article/Opening-of-GREAT-PERFORMANCES-Headquarters-Signals-Recovery-for-Citys-Hospitality-Industry-and-the-Bronx-20210514 | https://www.evepla.com/US/New-York/41519213596/Great-Performances,"Official site (greatperformances.com) verified loading; states founding in 1980, address 2417 3rd Avenue Suite 300, The Bronx, NY 10451, phone (212) 727-2424, email celebratefood@greatperformances.com, and catering/hospitality services. BroadwayWorld and evepla.com confirm the headquarters address and catering identity.",2026-10-05,high,"Address, phone, email, and 1980 founding all stated on the official site. City recorded as The Bronx (borough) since the official address is in The Bronx, NY 10451.",accepted
restaurants-food-chinese-restaurant-001,business,Food & Restaurants,restaurants-food,Chinese Restaurant,chinese-restaurant,Xi'an Famous Foods,xian-famous-foods,,,"Xi'an Famous Foods is a Chinese restaurant group in New York City serving Shaanxi noodles, dumplings, and burgers.","Xi'an Famous Foods is a Chinese restaurant group in New York City serving Shaanxi cuisine based on family recipes. Its official site describes the menu as hand-pulled noodles, dumplings, Chinese burgers, and a proprietary chili oil made with more than 30 ingredients, and notes the business began as a bubble tea shop and street cart. The company also sells chili oil, a cookbook, and meal kits online that ship in the contiguous US.",http://xianfoods.com/,(212) 786-2068,,45 Bayard St,New York,New York,NY,10013,US,local,"New York, NY",,Hand-pulled noodles | Dumplings | Chinese burgers | Chili oil | Cookbook and meal kits (online),,,,http://xianfoods.com/,https://cititour.com/NYC_Restaurants/Alpha/NYC_Restaurants/Xi-an-Famous-Foods-Midtown/11878 | https://www.lyft.com/rider/routes/manhattan-kayak--sup-to-xian-famous-foods-,"Official site (xianfoods.com) verified loading; states specialty Chinese restaurants serving Xi'an dishes based on family recipes, with noodles, dumplings, burgers, proprietary 30+ ingredient chili oil, cookbook, and meal kits. Secondary sources confirm multiple Manhattan locations (e.g., 45 Bayard St and 60 W 45th St, New York, NY) and phone (212) 786-2068.",2026-10-05,medium,NYC chain; primary Chinatown location used as the record address (secondary-sourced; official site locations page not captured). Phone from consistent secondary sources. Hours omitted since they vary by location and were not captured from the official site.,accepted
restaurants-food-fast-food-001,business,Food & Restaurants,restaurants-food,Fast Food,fast-food,In-N-Out Burger,in-n-out-burger,,,"In-N-Out Burger is a fast-food burger chain headquartered in Irvine, California, serving burgers, fries, and shakes.","In-N-Out Burger is a fast-food burger chain founded in 1948 by Harry and Esther Snyder, with corporate offices in Irvine, California. The company's official press materials state its burgers are made to order from 100% American beef that is never frozen, its fries are hand-cut from whole potatoes, and its shakes are made with real ice cream. The company reports restaurant locations across ten states and states that none of its units are franchised.",https://www.in-n-out.com/,,,"4199 Campus Drive, Suite 900",Irvine,California,CA,92612,US,national,"Arizona, California, Colorado, Idaho, Nevada, Oregon, Tennessee, Texas, Utah, Washington",Daily 10:30 AM - 1:00 AM; until 1:30 AM Friday and Saturday (all locations),Hamburgers | French fries | Shakes | Drive-thru service,1948,,,https://www.in-n-out.com/,https://en.wikipedia.org/wiki/In-N-Out_Burger,"Official site (in-n-out.com) verified loading; company press releases on the site state founding in 1948, corporate office at 4199 Campus Drive Suite 900, Irvine, CA 92612, and standard daily hours 10:30 AM-1:00 AM (until 1:30 AM Fri-Sat). Wikipedia confirms HQ city, founding year, and multi-state area served.",2026-10-05,high,National chain; corporate HQ city/state used per rules. Corporate office street address and hours statement taken from the company's own press releases on its official site.,accepted
restaurants-food-food-truck-001,business,Food & Restaurants,restaurants-food,Food Truck,food-truck,Kogi BBQ,kogi-bbq,,,"Kogi BBQ is a Korean BBQ food truck and catering business serving Los Angeles County, California.","Kogi BBQ is a Korean BBQ food truck and catering business operating across Los Angeles County, California. Its official site publishes a weekly truck schedule showing service in neighborhoods across LA County and lists event catering for weddings, corporate events, and birthdays. The business is widely documented as a Korean-Mexican fusion food truck founded in Los Angeles in 2008.",https://kogibbq.com/,,catering@kogibbq.com,,Los Angeles,California,CA,,US,local,"Los Angeles County, CA",,Food truck service | Event catering | Korean BBQ to-go,,,,https://kogibbq.com/,https://en.wikipedia.org/wiki/Kogi_Korean_BBQ | https://www.findglocal.com/US/Los-Angeles/69270921928/Kogi-BBQ,"Official site (kogibbq.com) verified loading; publishes weekly truck schedule across LA County and event catering for weddings, corporate events, and birthdays. Wikipedia confirms Los Angeles origin and 2008 founding. Kogi's own social posts (via findglocal) publish catering@kogibbq.com for catering inquiries.",2026-10-05,medium,"Food truck with no single fixed address; city/state only, with LA County service area. Street/zip omitted since no fixed address verified on the official site. Phone not published on the official site. Catering email published in Kogi's own social posts.",accepted
restaurants-food-indian-restaurant-001,business,Food & Restaurants,restaurants-food,Indian Restaurant,indian-restaurant,Dhamaka,dhamaka,,,"Dhamaka is an Indian restaurant in New York, New York, serving boldly spiced regional Indian dishes.","Dhamaka is an Indian restaurant at Essex Market on the Lower East Side of New York, New York, at 119 Delancey Street. Its official site describes it as an Unapologetic Foods restaurant celebrating the less-seen side of India, with a menu of boldly spiced regional dishes. The site offers PDF menus, online reservations via Sevenrooms, and a private dining page.",https://www.dhamaka.nyc/,(212) 204-8616,,119 Delancey St,New York,New York,NY,10002,US,local,"New York, NY",,Regional Indian cuisine | Dinner | Private dining | Online reservations,,,,https://www.dhamaka.nyc/,https://cititour.com/NYC_Restaurants/Dhamaka-at-Essex-Market/17288/print | https://www.yelp.com/biz/dhamaka-new-york?hrid=Oun0HzfNKUsu7HzOlDavog&utm_campaign=www_review_share_popup&utm_medium=copy_link&utm_source=(direct),"Official site (dhamaka.nyc) verified loading; describes an Unapologetic Foods restaurant at Essex Market, Lower East Side, with regional Indian menus and reservations. Cititour and Yelp independently confirm address 119 Delancey St, New York, NY 10002 and phone (212) 204-8616.",2026-10-05,medium,"Official site verified; restaurant type (regional Indian, Unapologetic Foods) and Essex Market / Lower East Side location confirmed on the official page. Exact street address and phone from consistent secondary sources (Cititour, Yelp); hours not printed on the official site so set to null.",accepted
restaurants-food-italian-restaurant-001,business,Food & Restaurants,restaurants-food,Italian Restaurant,italian-restaurant,Carbone,carbone,,,"Carbone is an Italian-American restaurant in New York, New York, serving classic red-sauce dishes for lunch and dinner.","Carbone is an Italian-American restaurant at 181 Thompson Street in New York, New York. Its official site states it opened in 2013, founded by chefs Mario Carbone and Rich Torrisi with Jeff Zalaznick, and presents classic Italian-American dishes such as linguini vongole, lobster fra diavola, chicken scarpariello, and veal parmesan. The site publishes lunch and dinner hours and a reservations email.",https://carbonenewyork.com/,(212) 254-3000,reservations@carbonenewyork.com,181 Thompson St,New York,New York,NY,10012,US,local,"New York, NY",Lunch Tuesday - Sunday 11:30 AM - 2:00 PM; Dinner Monday - Sunday 5:00 PM - 11:30 PM,Italian-American lunch | Italian-American dinner | Online reservations,2013,,,https://carbonenewyork.com/,https://www.viamichelin.com/maps/restaurants/poi/new_york-10003-2v3vbrtw | https://www.yelp.com/biz/carbone-new-york?hrid=FSV8hY36NbHyzNVx3fJbEQ,"Official site (carbonenewyork.com) verified loading; states 181 Thompson Street, New York, NY 10012, lunch Tue-Sun 11:30 AM-2:00 PM, dinner daily 5:00 PM-11:30 PM, 2013 founding, and reservations@carbonenewyork.com. ViaMichelin and Yelp confirm the address and phone (212) 254-3000.",2026-10-05,high,"Official Major Food Group site for Carbone New York verified; address, hours, founding year 2013, and reservations email stated on the official page. Phone from consistent secondary sources (ViaMichelin, Yelp).",accepted
restaurants-food-mexican-restaurant-001,business,Food & Restaurants,restaurants-food,Mexican Restaurant,mexican-restaurant,Guelaguetza,guelaguetza,,,"Guelaguetza is an Oaxacan restaurant in Los Angeles, California, serving moles, tlayudas, enchiladas, and micheladas.","Guelaguetza is an Oaxacan restaurant in the Koreatown area of Los Angeles, California, at 3014 W. Olympic Blvd. Its official site describes it as a James Beard Award-winning mole restaurant operating since 1994 and lists store hours, phone (213) 427-0608, live music programming, and an online store selling its mole starters, Oaxacan chocolate, chiles, and pantry goods.",http://www.ilovemole.com/,(213) 427-0608,,3014 W Olympic Blvd,Los Angeles,California,CA,90006,US,local,"Los Angeles, CA",Monday closed; Tuesday - Thursday 11:00 AM - 9:00 PM; Friday - Saturday 9:00 AM - 10:00 PM; Sunday 9:00 AM - 9:00 PM,Oaxacan mole dishes | Tlayudas | Enchiladas | Micheladas | Live music events | Mole products (online store),1994,,,http://www.ilovemole.com/,https://www.viamichelin.com/maps/restaurants/poi/los_angeles-90006-862e5ccc | https://www.opentable.com/guelaguetza?originId=2ff7348a-e7b7-4aea-b094-3449c09bafba&corrid=2ff7348a-e7b7-4aea-b094-3449c09bafba&avt=eyJ2IjoyLCJtIjoxLCJwIjowLCJzIjowLCJuIjowfQ,"Official site (ilovemole.com) verified loading; states restaurant address 3014 W. Olympic Blvd., Los Angeles, CA 90006, phone +1 (213) 427-0608, weekly hours, and operation since 1994. ViaMichelin and OpenTable confirm the same address, phone, and Mexican/Oaxacan cuisine.",2026-10-05,high,"Official site verified; address, phone, hours, and 'since 1994' stated on ilovemole.com. Name on the restaurant site is Guelaguetza (dba for the mole brand); 'I Love Mole' is the site/store brand, not the restaurant name.",accepted
restaurants-food-pizza-001,business,Food & Restaurants,restaurants-food,Pizza,pizza,Pizzeria Bianco,pizzeria-bianco,,,"Pizzeria Bianco is a wood-fired pizzeria in Phoenix, Arizona, serving pizza, pasta, salads, and desserts.","Pizzeria Bianco is a wood-fired pizzeria in Phoenix, Arizona, originally located at 623 E. Adams Street in Heritage Square. The business's official site states founder Chris Bianco started the original pizzeria in 1988 and lists additional locations at Town & Country in Phoenix and in Los Angeles. Its publicly listed offerings include wood-fired pizzas, fresh pasta, salads, desserts, and nationwide pizza shipping through Goldbelly.",http://www.pizzeriabianco.com/,(602) 258-8300,,623 E Adams St,Phoenix,Arizona,AZ,85004,US,local,"Phoenix, AZ; Los Angeles, CA",,Wood-fired pizza | Fresh pasta | Salads | Desserts,1988,,,http://www.pizzeriabianco.com/,https://en.wikipedia.org/wiki/Pizzeria_Bianco | https://www.azcentral.com/story/entertainment/dining/2026/09/24/phoenix-pizza-poll-winner-pizzeria-bianco/91760827007/,"Official site (pizzeriabianco.com) verified loading; states the original opened in 1988 and lists addresses and phones for Heritage Square (623 E. Adams St., Phoenix, (602) 258-8300), Town & Country, and Los Angeles. Wikipedia and azcentral confirm the Phoenix address and active status.",2026-10-05,high,"Original Heritage Square location used as the primary address; additional locations confirmed on the official site (Town & Country Phoenix, Los Angeles).",accepted
restaurants-food-restaurant-001,business,Food & Restaurants,restaurants-food,Restaurant,restaurant,The French Laundry,the-french-laundry,,,"The French Laundry is a French fine-dining restaurant in Yountville, California, serving daily chef's tasting and vegetable tasting menus.","The French Laundry is a French fine-dining restaurant at 6640 Washington Street in Yountville, California, operated by the Thomas Keller Restaurant Group. Its kitchen prepares two menus each day: a chef's tasting menu and a vegetable tasting menu, supported by a dedicated wine program. Reservations are handled through the restaurant's official Tock page, and the restaurant describes itself as a uniquely American restaurant inspired by the countryside of France.",http://www.thomaskeller.com/tfl,(707) 944-2380,,6640 Washington St,Yountville,California,CA,94599,US,local,"Yountville, CA","Dinner service, seven days a week",Chef's tasting menu | Vegetable tasting menu | Wine program,,,,http://www.thomaskeller.com/tfl,https://registration.forbestravelguide.com/restaurants/napa-california/the-french-laundry | https://www.exploretock.com/tfl,"Official site (thomaskeller.com/tfl) confirms restaurant name, operator (Thomas Keller Restaurant Group), and French fine-dining concept. Forbes Travel Guide and Tock confirm the address 6640 Washington Street, Yountville, CA 94599, phone (707) 944-2380, active status, and dinner-service hours.",2026-10-05,high,"Official Thomas Keller Restaurant Group site confirms name and restaurant type; secondary sources (Forbes Travel Guide, Tock) confirm address and active operating status. Hours field stores the dinner-service description published via the restaurant's official reservations partner page.",accepted
retail-bookstore-stationery-001,business,Retail & Shopping,retail,Bookstore & Stationery,bookstore-stationery,Barnes & Noble,barnes-and-noble,,,Barnes & Noble is a bookseller headquartered in New York City.,"Barnes & Noble operates approximately 600 bookstores across the United States selling books, magazines, music, movies, toys, games, stationery, and NOOK e-readers, also available at barnesandnoble.com. The company traces its origins to 1886 in New York City, where its headquarters are located at 33 E. 17th Street.",https://www.barnesandnoble.com/,,,33 E. 17th Street,New York,New York,NY,,US,national,United States,,,,,,https://www.barnesandnoble.com/,https://en.wikipedia.org/wiki/Barnes_%26_Noble | https://www.returnpolicies.info/en/retailers/barnes-noble-us,"Official domain barnesandnoble.com confirmed verbatim in search results; direct page fetch was rate-limited (HTTP 429) and not retried. Wikipedia confirms HQ at 33 E. 17th Street, New York City, origins in 1886, and approximately 600 locations.",2026-10-05,medium,"Official site could not be text-verified (rate-limited fetch, not retried); services list not captured from the official site, so services array left empty. ZIP code left null as not verified.",accepted
retail-clothing-apparel-001,business,Retail & Shopping,retail,Clothing & Apparel,clothing-apparel,Levi's,levis,,,"Levi's is a clothing brand and retailer headquartered in San Francisco, California, known for denim jeans and apparel.","Levi Strauss & Co. sells jeans, denim jackets, shirts, and other apparel for men and women through its stores and levi.com. The company was founded in 1853 and is headquartered at Levi's Plaza, 1155 Battery Street, San Francisco, California.",https://www.levi.com/,1-800-872-5384,,1155 Battery Street,San Francisco,California,CA,94111,US,national,United States,,Women's clothing | Men's clothing | Jeans | Denim jackets | Shirts | Sweatshirts and hoodies | Workwear,,,,https://www.levi.com/,https://en.wikipedia.org/wiki/Levi's,"Official site verified loading 2026-10-05 ('Levi's Official Site') with women's/men's categories and denim product lines. Wikipedia confirms HQ at Levi's Plaza, San Francisco, CA and founding in May 1853. Customer service 1-800-872-5384 from company contact listings.",2026-10-05,high,,accepted
retail-department-store-001,business,Retail & Shopping,retail,Department Store,department-store,Macy's,macys,,,Macy's is a department store chain headquartered in New York City.,"Macy's operates department stores across the United States selling clothing, beauty products, jewelry, furniture, home goods, and watches, also available at macys.com. Its flagship and corporate headquarters are at Macy's Herald Square, 151 West 34th Street, New York City. The company states it was established in 1858.",https://www.macys.com/,1-800-289-6229,,151 West 34th Street,New York,New York,NY,10001,US,national,United States,,Clothing and fashion | Beauty and fragrances | Furniture | Mattresses and rugs | Watches | Home goods,1858,,,https://www.macys.com/,https://en.wikipedia.org/wiki/Macy%27s | https://www.macys.com/stores/ny/newyork/herald-square_3.html,"Official site verified loading 2026-10-05. The company's own store page for Macy's Herald Square states 'Macy's, established in 1858' and gives address 151 West 34th Street, New York, NY 10001. Wikipedia confirms founding October 28, 1858 and HQ at Herald Square. Customer service 1-800-289-6229 from company contact listings.",2026-10-05,high,,accepted
retail-electronics-computers-001,business,Retail & Shopping,retail,Electronics & Computers,electronics-computers,Best Buy,best-buy,,,"Best Buy is an electronics and appliance retailer headquartered in Richfield, Minnesota.","Best Buy operates retail stores across the United States selling televisions, computers, video games, headphones, appliances, and other consumer electronics, also available at bestbuy.com. The company is headquartered at 7601 Penn Ave S, Richfield, Minnesota, and traces its origins to 1966.",https://www.bestbuy.com/,1-888-237-8289,,7601 Penn Ave S,Richfield,Minnesota,MN,55423,US,national,United States,,Televisions | Computers and laptops | Video games and consoles | Headphones and earbuds,,,,https://www.bestbuy.com/,https://en.wikipedia.org/wiki/Best_Buy,"Official site verified loading 2026-10-05 with electronics product categories. Wikipedia confirms HQ in Richfield, Minnesota and founding in 1966 (as Sound of Music). Customer service 1-888-237-8289 from company contact listings.",2026-10-05,high,,accepted
retail-furniture-home-decor-001,business,Retail & Shopping,retail,Furniture & Home Decor,furniture-home-decor,Ashley Furniture,ashley-furniture,,,"Ashley Furniture is a furniture and home decor retailer headquartered in Arcadia, Wisconsin.","Ashley Furniture sells living room, bedroom, dining, office, kids, and outdoor furniture, mattresses, rugs, and home decor through stores and ashleyfurniture.com. Its official site lists its address as One Ashley Way, Arcadia, WI 54612 and phone 1-866-436-3393. The company was founded in 1945.",https://www.ashleyfurniture.com/,1-866-436-3393,,One Ashley Way,Arcadia,Wisconsin,WI,54612,US,national,United States,,Living room furniture | Bedroom furniture | Kitchen and dining furniture | Home office furniture | Kids and baby furniture | Mattresses | Rugs | Outdoor furniture | Home decor,,,,https://www.ashleyfurniture.com/,https://en.wikipedia.org/wiki/Ashley_Furniture_Industries,"Official site verified loading 2026-10-05; FAQ page lists product categories and footer confirms 'One Ashley Way, Arcadia, WI 54612' and '1-866-436-3393'. Wikipedia confirms HQ in Arcadia, WI and founding in 1945.",2026-10-05,high,,accepted
retail-grocery-supermarket-001,business,Retail & Shopping,retail,Grocery & Supermarket,grocery-supermarket,Kroger,kroger,,,"Kroger is a supermarket chain headquartered in Cincinnati, Ohio.","Kroger operates grocery stores across the United States, offering groceries, pharmacy services, and grocery and prescription delivery. Its official site lists its address as 1014 Vine Street, Cincinnati, OH 45202 and customer service at +1-800-576-4377. The company was founded in 1883.",https://www.kroger.com/,+1-800-576-4377,,1014 Vine Street,Cincinnati,Ohio,OH,45202,US,national,United States,,Groceries | Pharmacy | Grocery delivery | Prescription delivery | Vaccinations,,,,https://www.kroger.com/,https://en.wikipedia.org/wiki/Kroger | https://www.thekrogerco.com/contact-us/,"Official site verified loading 2026-10-05; footer confirms 'Kroger, 1014 Vine Street, Cincinnati, OH 45202. +1-800-576-4377' and homepage lists groceries, pharmacy, delivery, and pharmacy vaccinations. The Kroger Co.'s own contact page confirms the same corporate address. Wikipedia confirms founding in 1883.",2026-10-05,high,,accepted
retail-hardware-tools-001,business,Retail & Shopping,retail,Hardware & Tools,hardware-tools,Ace Hardware,ace-hardware,,,"Ace Hardware is a hardware retailers' cooperative headquartered in Oak Brook, Illinois.","Ace Hardware Corporation is a retailer-owned cooperative serving thousands of locally owned hardware stores in the United States and internationally. Headquartered in Oak Brook, Illinois, the company's own newsroom states it has been part of local communities since 1924. Its official site is acehardware.com.",https://www.acehardware.com/,1-888-827-4223,,,Oak Brook,Illinois,IL,,US,national,United States,,,1924,,,https://www.acehardware.com/,https://en.wikipedia.org/wiki/Ace_Hardware | https://newsroom.acehardware.com/2026-02-23-Ace-Hardware-Honors-2025-Vendorsofthe-Year,"Official domain acehardware.com confirmed verbatim in the company's own newsroom boilerplate ('For more information, visit acehardware.com') and multiple secondary sources; direct page fetch was rate-limited (HTTP 429) and not retried. The company's own newsroom press releases state 'Since 1924' and 'Headquartered in Oak Brook, Ill.' Wikipedia confirms the cooperative structure and 1924 founding.",2026-10-05,medium,"Official site could not be text-verified (rate-limited fetch, not retried); official domain confirmed verbatim in the company's own press materials. Services list not captured from the official site, so services array left empty.",accepted
retail-jewelry-watches-001,business,Retail & Shopping,retail,Jewelry & Watches,jewelry-watches,Zales,zales,,,"Zales is a jewelry retailer headquartered in Irving, Texas, selling rings, necklaces, earrings, bracelets, and watches.","Zales operates jewelry stores across the United States and sells online at zales.com. Its official site organizes products by rings, necklaces, earrings, bracelets, engagement, and watches. The company was founded in 1924 in Wichita Falls, Texas, and is headquartered in Irving, Texas.",https://www.zales.com/,1-800-311-5393,,,Irving,Texas,TX,,US,national,United States,,Rings | Necklaces | Earrings | Bracelets | Engagement jewelry | Watches,1924,,,https://www.zales.com/,https://en.wikipedia.org/wiki/Zales | https://www.zales.com/about-zales,"Official site verified loading 2026-10-05 with 'SHOP BY CATEGORY: RINGS, NECKLACES, EARRINGS, BRACELETS, ENGAGEMENT, WATCHES'; zales.com describes the brand as 'America's diamond store since 1924'. Wikipedia confirms founding in 1924 in Wichita Falls, TX and HQ in Irving, TX. Guest services 1-800-311-5393 from company contact listings.",2026-10-05,high,,accepted
retail-specialty-boutiques-001,business,Retail & Shopping,retail,Specialty Boutiques,specialty-boutiques,Evereve,evereve,,,"Evereve is a women's clothing boutique chain headquartered in Edina, Minnesota.","Evereve operates more than 110 women's clothing boutiques across the United States, offering apparel from third-party brands and its own private label, plus personal styling and the Trendsend subscription styling service. Its official site lists its address as 6800 France Ave S Suite 700, Edina, MN 55435 and phone 1-877-290-6262. The company was founded in 2004 as Hot Mama and rebranded to Evereve in 2014.",https://evereve.com/,1-877-290-6262,,"6800 France Ave S, Suite 700",Edina,Minnesota,MN,55435,US,national,United States,,Women's clothing | Personal styling | Trendsend styling service,,,,https://evereve.com/,https://en.wikipedia.org/wiki/Evereve | https://tcbmag.com/office-envy-evereves-new-headquarters/,"Official site verified loading 2026-10-05; footer confirms 'EVEREVE, 6800 France Ave S Suite 700, Edina, MN 55435. 1-877-290-6262'. Wikipedia confirms HQ in Edina, MN, 110+ locations, founding in 2004, and Trendsend styling service. Chosen as replacement for Francesca's, which is in Chapter 11 liquidation in 2026 and no longer a viable candidate.",2026-10-05,high,,accepted
retail-sporting-goods-001,business,Retail & Shopping,retail,Sporting Goods,sporting-goods,Dick's Sporting Goods,dicks-sporting-goods,,,"Dick's Sporting Goods is a sporting goods retailer headquartered in Coraopolis, Pennsylvania.","Dick's Sporting Goods operates stores across the United States selling athletic footwear and apparel, baseball and softball gear, golf equipment, outdoor gear, bikes, and fan apparel, also available at dickssportinggoods.com. The company is headquartered at 345 Court Street, Coraopolis, Pennsylvania, and was founded in 1948.",https://www.dickssportinggoods.com/,877-846-9997,,345 Court Street,Coraopolis,Pennsylvania,PA,15108,US,national,United States,,Athletic footwear | Athletic apparel | Baseball and softball gear | Golf equipment | Outdoor gear | Bikes and e-bikes | Fan apparel,,,,https://www.dickssportinggoods.com/,https://en.wikipedia.org/wiki/Dick%27s_Sporting_Goods | https://www.bbb.org/us/pa/coraopolis/profile/sporting-goods/dick-s-sporting-goods-inc-0141-300050,"Official site verified loading 2026-10-05 ('DICK'S Sporting Goods - Official Site') with product categories across sports and fitness; screen-reader notice lists phone 877-846-9997. Multiple sources confirm HQ at 345 Court Street, Coraopolis, PA 15108 and founding in 1948.",2026-10-05,high,,accepted
skilled-trades-carpenter-001,professional,Skilled Trades & Craft,skilled-trades,Carpenter,carpenter,Ira Lacey,ira-lacey,Owner & Master Carpenter,Lacey Custom Carpentry,"Ira Lacey is the owner and master carpenter of Lacey Custom Carpentry in Alton, New Hampshire.","Ira Lacey has more than 25 years of carpentry experience as an independent business owner and subcontractor, and he founded Lacey Custom Carpentry in 2001. His background includes finish carpentry work as a premiere carpenter for Gedney Kitchens, and he has served clients in Connecticut, the Atlanta metro area, and Boston's metro-west region before relocating to New Hampshire.",https://www.laceycustomcarpentry.com/who-we-are,603-838-3559,info@laceycustomcarpentry.com,,Alton,New Hampshire,NH,,US,local,,,Finish carpentry | Custom remodeling | Cabinets and countertops | Mantels | Home repair,,"{""facebook"": ""https://www.facebook.com/laceycustom"", ""instagram"": ""https://www.instagram.com/laceycustom""}",,https://www.laceycustomcarpentry.com/who-we-are,,"Official source (Lacey Custom Carpentry 'Who We Are' page, verified loading): confirms full name, owner/master carpenter title, 25+ years experience, business founded 2001, Alton NH base, phone, email, and social profiles. No strong independent secondary source located; confidence medium.",2026-10-05,medium,Zip code not published on page; left null.,accepted
skilled-trades-construction-worker-001,professional,Skilled Trades & Craft,skilled-trades,Construction Worker,construction-worker,T.J. Ward,t-j-ward,Owner & Remodeling Contractor,Handy-Remodeler LLC,"T.J. Ward is the owner of Handy-Remodeler LLC, a residential remodeling company in Columbia Falls, Montana.","T.J. Ward began his contracting career in 1980 and operates Handy-Remodeler LLC, a licensed and insured residential remodeling and handyman company based in Columbia Falls, Montana. The company serves Columbia Falls, Whitefish, and surrounding Flathead County with bathroom remodels, finish carpentry, home repairs, and property maintenance, and its brand holds federal trademark registration from the USPTO.",https://handy-remodeler.com/,406-478-6555,myhandyremodeler@gmail.com,,Columbia Falls,Montana,MT,59912,US,local,"Columbia Falls, Whitefish, and Flathead County",,Bathroom remodeling | Finish carpentry | Home repairs | Property maintenance | Handyman services,,,,https://handy-remodeler.com/,https://www.morningstar.com/news/pr-newswire/20260908ph41317/the-contractor-who-takes-one-job-at-a-time-just-made-his-name-untouchable,"Official source (handy-remodeler.com, verified loading): confirms company name, Columbia Falls MT base, phone, email, services, and licensing/insurance. Secondary (PRNewswire release via Morningstar, September 2026): independently confirms T.J. Ward as Owner of Handy-Remodeler LLC, contracting career since 1980, and federal trademark registration.",2026-10-05,medium,Public professional name uses initials only ('T.J. Ward'); no expanded first/middle names found in public sources. Business phone and email published on official site. Business is described as a one-man/small operation in press materials.,accepted
skilled-trades-electrician-001,professional,Skilled Trades & Craft,skilled-trades,Electrician,electrician,Frank Luersen,frank-luersen,Owner & Electrician,Home Team Electric,"Frank Luersen is the owner of Home Team Electric, a residential electrical contractor in Thousand Palms, California.","Frank Luersen owns Home Team Electric, a residential-only electrical contractor that has served the Coachella Valley and Morongo Basin since 2006. The company operates under California C-10 Electrical Contractor License #879507, offering 24/7 emergency service with same-day availability. Its published services include electrical panels, lighting, EV chargers, generators, and whole-home surge protection.",https://hometeamelectric.com/,760-248-8709,info@hometeamelectric.com,72091 Woburn Ct Ste A,Thousand Palms,California,CA,92276,US,local,Coachella Valley and Morongo Basin,,Electrical panels | Lighting installation | EV charger installation | Generator installation | Whole-home surge protection | 24/7 emergency electrical service,,,,https://hometeamelectric.com/,https://pressadvantage.com/pdf/95717-home-team-electric-owner-frank-luersen-named-a-second-time-nominee-for-certainpath-s-mentor-of-the-year/,"Official source (hometeamelectric.com, verified loading): confirms company name, address, phone, email, service area, license #879507, 24/7 emergency service, and Frank Luersen as a named team member. Secondary (press release): independently confirms Frank Luersen as Owner of Home Team Electric with California C-10 license #879507.",2026-10-05,high,"California C-10 Electrical Contractor License #879507 (held by Home Team Electric) published on official site, verifiable at cslb.ca.gov.",accepted
skilled-trades-hvac-technician-001,professional,Skilled Trades & Craft,skilled-trades,HVAC Technician,hvac-technician,Angel Garcia,angel-garcia,Owner & Master Technician,Elemental Heating and Air Conditioning LLC,"Angel Garcia is the owner and master technician of Elemental Heating and Air Conditioning LLC, serving the Central Shenandoah Valley in Virginia.","Angel Garcia is the owner and master technician of Elemental Heating and Air Conditioning LLC, a locally owned HVAC company serving the Central Shenandoah Valley. The company provides heating and cooling repair, installation, and maintenance, and its team page lists technicians covering service, installation, indoor air quality, and duct cleaning.",https://www.ehvac.net/team-3,540-308-6164,a.garcia@ehvac.net,,,Virginia,VA,,US,local,Central Shenandoah Valley,,HVAC repair | HVAC installation | Heating and cooling maintenance | Indoor air quality | Duct cleaning,,"{""facebook"": ""https://www.facebook.com/profile.php?id=61562115502983&mibextid=LQQJ4d""}",,https://www.ehvac.net/team-3,,"Official source (Elemental HVAC 'Meet the Team' page, verified loading): confirms full name, owner/master technician title, company name, phone, email, service area, business hours, and Facebook page. No strong independent secondary source located; confidence medium.",2026-10-05,medium,"Specific business city not published on the team page; service area (Central Shenandoah Valley, Virginia) is published and used for state. Published business hours (Mon-Fri 8:30am-5:30pm) available on page.",accepted
skilled-trades-mason-001,professional,Skilled Trades & Craft,skilled-trades,Mason,mason,Joe Reis,joe-reis,Owner & Mason,Liberty Mason Work,"Joe Reis is the owner of Liberty Mason Work, a masonry contractor in Mount Vernon, New York.","Joe Reis owns Liberty Mason Work, which has provided masonry services to residential and commercial clients in Westchester County for over 15 years. The company's published services include custom design and installation of brick, stone, and block, plus hardscape work such as retaining walls, paver driveways and walkways, and cobblestone curbing.",https://www.libertymasonwork.com/about-westchesters-top-rated-masonry-contractor,+1-914-299-9819,libertymasonwork@gmail.com,161 South Macquesten Parkway,Mount Vernon,New York,NY,10550,US,local,Westchester County,,Brick masonry | Stone masonry | Block installation | Retaining walls | Paver driveways and walkways | Cobblestone curbing,,,,https://www.libertymasonwork.com/about-westchesters-top-rated-masonry-contractor,,"Official source (Liberty Mason Work 'About Us' page, verified loading): confirms full name, owner title, address, phone, email, 15+ years serving Westchester County, and service list. No strong independent secondary source located; confidence medium.",2026-10-05,medium,"None; name, title, address, phone, and email all published on the official page.",accepted
skilled-trades-mechanic-001,professional,Skilled Trades & Craft,skilled-trades,Mechanic,mechanic,Tom Felmlee,tom-felmlee,Owner & ASE Certified Technician,Tom's Auto Service,"Tom Felmlee is the owner of Tom's Auto Service in Arroyo Grande, California.","Tom Felmlee is an ASE Certified Technician with more than 30 years in the automotive repair industry, and he started Tom's Auto Service in Arroyo Grande in 2010. The shop provides general automobile repair and smog certification services to customers in San Luis Obispo, Grover Beach, Arroyo Grande, and the surrounding Five Cities area.",https://tomsautoservice.net/about-us/,,,,Arroyo Grande,California,CA,,US,local,"San Luis Obispo, Grover Beach, Arroyo Grande, Five Cities area",,General auto repair | Smog checks | Vehicle diagnostics,,,,https://tomsautoservice.net/about-us/,,"Official source (Tom's Auto Service 'About Us' page, verified loading): confirms full name, owner title, ASE Certified Technician status, 30+ years in the industry, business started 2010, and service area. No strong independent secondary source located; confidence medium.",2026-10-05,medium,Zip code not published on the about page; left null.,accepted
skilled-trades-painter-001,professional,Skilled Trades & Craft,skilled-trades,Painter,painter,Matthew Rathgeb,matthew-rathgeb,Founder & Owner,Groovy Hues Painting of Philadelphia,Matthew Rathgeb is the founder of Groovy Hues and owner of its Philadelphia painting franchise.,"Matthew Rathgeb has more than 20 years of painting experience, beginning as a one-man operation in which he personally quoted every job and painted every wall. His Philadelphia team serves Philadelphia, the Main Line, and Bucks, Montgomery, and Delaware counties with residential and commercial painting, free color consultations, and same-day on-site estimates. He also mentors new Groovy Hues franchise owners nationally.",https://www.groovyhues.com/philadelphia-pa/about/meet-the-team,(267) 727-2817,,2424 E York St #100p,Philadelphia,Pennsylvania,PA,19125,US,local,"Philadelphia, Main Line, Bucks, Montgomery, and Delaware counties",,Interior house painting | Exterior house painting | Commercial painting | Cabinet refinishing | Color consultations,,"{""facebook"": ""https://www.facebook.com/groovyhues.greaterphiladelphia/"", ""instagram"": ""https://www.instagram.com/groovyhues.greaterphiladelphia/"", ""linkedin"": ""https://www.linkedin.com/company/groovy-hues-painting-of-greater-philadelphia"", ""youtube"": ""https://www.youtube.com/@GroovyHuesPaintingPhiladelphia/""}",,https://www.groovyhues.com/philadelphia-pa/about/meet-the-team,,"Official source (Groovy Hues Philadelphia 'Meet Our Team' page, verified loading): confirms full name, founder/owner roles, 20+ years experience, service area, address, phone, services, and social profiles. No strong independent secondary source located; confidence medium.",2026-10-05,medium,"None; address, phone, services, and social profiles all published on the official page.",accepted
skilled-trades-plumber-001,professional,Skilled Trades & Craft,skilled-trades,Plumber,plumber,Joe McFerron,joe-mcferron,Owner/Operator & Master Plumber,MACS Plumbing Company,"Joe McFerron is the owner-operator and master plumber of MACS Plumbing Company in Santa Fe, New Mexico.","Joe McFerron earned an Associate's Degree in HVAC Technology from the State Technical College of Missouri and holds a Master Plumber license in Missouri and a New Mexico contractor license (#419899). He opened his own plumbing business in 2021 and relocated to New Mexico in 2025, where as owner-operator he stays directly involved in diagnosing problems, designing solutions, and overseeing installations to code.",https://macsplumbingcompany.com/meet-the-team,(505) 737-5373,operations@macsplumbingcompany.com,36 Cerrado Loop,Santa Fe,New Mexico,NM,87508,US,local,,,Residential plumbing repair | Plumbing installation | Plumbing diagnostics | Water treatment systems,,,,https://macsplumbingcompany.com/meet-the-team,,"Official source (MACS Plumbing Company 'Meet the Team' page, verified loading): confirms full name, owner/operator title, Missouri Master Plumber license, New Mexico contractor license #419899, education, address, phone, and email. No strong independent secondary source located; confidence medium.",2026-10-05,medium,New Mexico Contractor License #419899 published on official site. Relocated from Missouri to New Mexico in January 2025 per official bio.,accepted
skilled-trades-roofer-001,professional,Skilled Trades & Craft,skilled-trades,Roofer,roofer,Amado Reyes,amado-reyes,Founder & Owner,Reyes Roofing,"Amado Reyes is the founder and owner of Reyes Roofing, a roofing company in California.","Amado Reyes has more than 20 years of experience in the roofing industry and established Reyes Roofing in 2024. The company holds California license CLSB 1119465 and performs residential and commercial roofing projects ranging from repairs to large-scale installations, specializing in asphalt shingles and TPO roofing systems.",https://www.reyesroofingservices.com/our-team,,,,,California,CA,,US,local,,,Residential roofing | Commercial roofing | Roof repairs | Asphalt shingle roofing | TPO roofing,,,,https://www.reyesroofingservices.com/our-team,,"Official source (Reyes Roofing 'Meet Our Team' page, verified loading): confirms full name, founder/owner title, 20+ years experience, company established 2024, CSLB license 1119465, and service specialties. No strong independent secondary source located; confidence medium.",2026-10-05,medium,Service city not published on the team page; California established from the CSLB contractor license shown on the page. City left null rather than guessed.,accepted
skilled-trades-welder-001,professional,Skilled Trades & Craft,skilled-trades,Welder,welder,Josh Welton,josh-welton,Owner & Welder,Brown Dog Welding LLC,"Josh Welton is the owner and operator of Brown Dog Welding LLC, a welding and fabrication shop in Mt. Clemens, Michigan.","Josh Welton started Brown Dog Welding in 2008 after working as a millwright at Chrysler, where he trained in pipe welding and aluminum TIG welding and tested for certifications. The shop performs custom fabrication, welding repair, and mobile welding in stick, TIG, and MIG processes, alongside metal artwork. He has also served as a contributing writer for The Fabricator trade publication.",https://www.browndogwelding.com,586-258-8255,,,Mt. Clemens,Michigan,MI,,US,local,,,TIG welding | MIG welding | Stick welding | Custom metal fabrication | Welding repair | Metal sculpture,,,,https://www.browndogwelding.com,https://www.thefabricator.com/thefabricator/article/shopmanagement/brown-dog-welding-llc | https://www.thefabricator.com/thefabricator/article/shopmanagement/the-fabricator-spotlight-update-part-i | https://www.ffjournal.net/industry-news/166-custom-fabricator/11363-brown-dog-welding,"Official source: business's own site www.browndogwelding.com, cited as official by The Fabricator's company profile (load verification blocked by rate limit). Independent industry sources (The Fabricator shop-management articles, FFJournal): confirm full name, ownership of Brown Dog Welding, Mt. Clemens MI base, welding/fabrication work, and contributing-writer role. Confidence medium due to unverified site load.",2026-10-05,medium,The business's own site (www.browndogwelding.com) could not be load-verified this session because the fetch service was rate-limited; URL is cited by The Fabricator's company profile as his official site. Business phone published in The Fabricator profile.,accepted
technology-app-development-001,business,Technology,technology,App Development,app-development,Fueled,fueled,,,"Fueled is a digital product agency headquartered in New York, New York, building mobile apps, AI applications, and enterprise web platforms.","Fueled is a digital product agency headquartered in New York, New York. Its published expertise areas include artificial intelligence, mobile apps, enterprise web and content management systems, and digital strategy. The company's site lists technology partnerships with platforms such as AWS, Shopify, Sanity, Webflow, and Vercel.",https://fueled.com,(212) 763-7726,hello@fueled.com,,New York,New York,NY,,US,local,Nationwide,,Artificial Intelligence (AI) | Mobile apps | Enterprise web & CMS | Digital strategy,2007,,,https://fueled.com/,https://techbehemoths.com/company/fueled | https://clutch.co/profile/fueled,"Official site (fueled.com) verified live; confirms AI, mobile apps, and enterprise web/CMS expertise areas, email hello@fueled.com, and phone (212) 763-7726. TechBehemoths and Clutch directory profiles (secondary sources) confirm a New York, NY headquarters and mobile app development focus.",2026-10-05,medium,"HQ city (New York) is well documented, but third-party directories list conflicting street addresses, so street_address is omitted. Email and phone are from the official fueled.com footer. Year 2007 is from the RocketReach directory profile snippet (not opened directly).",accepted
technology-computer-repair-001,business,Technology,technology,Computer Repair,computer-repair,uBreakiFix by Asurion,ubreakifix-by-asurion,,,"uBreakiFix by Asurion is a nationwide electronics repair chain headquartered in Orlando, Florida, offering same-day repairs for phones, computers, tablets, and game consoles at 700+ locations.","uBreakiFix by Asurion is an electronics repair company headquartered in Orlando, Florida, founded in 2009. It operates a network of 700+ stores across the United States offering same-day repairs for phones, computers, tablets, and game consoles. The company describes its technicians as trained and certified, with free diagnostics, a low-price guarantee, and a 1-year limited warranty on most repairs.",https://www.ubreakifix.com,877-320-2237,,,Orlando,Florida,FL,,US,national,Nationwide (700+ locations),,iPhone repair | Samsung repair | Google device repair | Computer repair | iPad and tablet repair | Game console repair | Free diagnostics | Accessories | Refurbished phones | Trade-in,2009,,,https://www.ubreakifix.com/,https://leadiq.com/c/ubreakifix/5a1d967223000059008511a5 | https://www.bbb.org/us/pa/wayne/profile/electronic-equipment-repair/ubreakifix-by-asurion-0241-235996104,"Official site (ubreakifix.com) verified live; confirms 700+ nationwide locations, repair services listed, and phone 877-320-2237. LeadIQ company profile confirms Orlando, Florida headquarters and 2009 founding; BBB business profiles confirm active local offices.",2026-10-05,medium,"National franchise network; HQ city (Orlando, Florida) from LeadIQ company profile. Street address omitted because only a third-party source lists it. Founded year 2009 from LeadIQ, not the official site.",accepted
technology-cybersecurity-001,business,Technology,technology,Cybersecurity,cybersecurity,CrowdStrike,crowdstrike,,,"CrowdStrike is a cybersecurity technology company headquartered in Austin, Texas, providing endpoint security, threat intelligence, and incident response services via its Falcon platform.","CrowdStrike Holdings, Inc. is an American cybersecurity technology company based in Austin, Texas, founded in 2011. It provides endpoint security, threat intelligence, and cyberattack response services through its Falcon platform. The company moved its headquarters from Sunnyvale, California, to Austin, Texas, in December 2021.",https://www.crowdstrike.com,(888) 512-8906,,,Austin,Texas,TX,,US,national,Worldwide,,Endpoint security (Falcon platform) | Threat intelligence | Cyberattack response services | Identity threat protection,2011,,,https://www.crowdstrike.com/,https://en.wikipedia.org/wiki/CrowdStrike,"Official site (crowdstrike.com) verified live; homepage confirms cybersecurity positioning and lists phone (888) 512-8906. Wikipedia (independent secondary source) confirms headquarters in Austin, Texas and founding in 2011.",2026-10-05,high,Phone (888) 512-8906 published on crowdstrike.com homepage.,accepted
technology-it-company-001,business,Technology,technology,IT Company,it-company,Oracle Corporation,oracle,,,"Oracle Corporation is an enterprise software and IT company headquartered in Austin, Texas, known for the Oracle Database, enterprise applications, and Oracle Cloud Infrastructure.","Oracle Corporation is an American multinational technology company headquartered in Austin, Texas, founded in 1977. The company sells database software (notably the Oracle Database), enterprise applications including Oracle Fusion Cloud Applications, and cloud infrastructure through Oracle Cloud Infrastructure (OCI). Its brands include Java, MySQL, and NetSuite.",https://www.oracle.com,,,,Austin,Texas,TX,,US,national,Worldwide,,Oracle Database | Oracle Cloud Infrastructure (OCI) | Oracle Fusion Cloud Applications | NetSuite | Consulting and managed services,1977,,,https://www.oracle.com/,https://en.wikipedia.org/wiki/Oracle_Corporation,"Official site (oracle.com) verified live; confirms enterprise software, database, and cloud infrastructure offerings. Wikipedia (independent secondary source) confirms headquarters in Austin, Texas and founding in 1977.",2026-10-05,high,"Oracle announced in 2024 plans to move its world headquarters from Austin to a new complex in Nashville, Tennessee (no timeframe given, per Wikipedia); Austin remains the currently listed headquarters city as of 2026-10-05.",accepted
technology-saas-company-001,business,Technology,technology,SaaS Company,saas-company,Salesforce,salesforce,,,"Salesforce is a SaaS company headquartered in San Francisco, California, providing cloud-based CRM software for sales, service, marketing, and commerce.","Salesforce, Inc. is an American enterprise software company headquartered in San Francisco, California, founded in 1999. It delivers customer relationship management software and related applications through a software-as-a-service subscription model. Its products include Sales Cloud, Service Cloud, Marketing Cloud, Commerce Cloud, the Salesforce Platform, Slack, and Agentforce agentic AI products.",https://www.salesforce.com,,,415 Mission Street,San Francisco,California,CA,94105,US,national,Worldwide,,Sales Cloud | Service Cloud | Marketing Cloud | Commerce Cloud | Salesforce Platform | Slack | Agentforce AI agents,1999,,,https://www.salesforce.com/,https://en.wikipedia.org/wiki/Salesforce,"Official site (salesforce.com) verified live; footer lists 'Salesforce, 415 Mission Street, San Francisco, CA 94105'. Wikipedia (independent secondary source) confirms headquarters at Salesforce Tower in San Francisco and founding in March 1999.",2026-10-05,high,"Street address (415 Mission Street, San Francisco, CA 94105) taken directly from the official salesforce.com footer.",accepted
technology-software-company-001,business,Technology,technology,Software Company,software-company,Microsoft,microsoft,,,"Microsoft is a technology company headquartered in Redmond, Washington, producing the Windows operating system, Microsoft 365 productivity software, and the Azure cloud platform.","Microsoft Corporation is an American multinational technology company headquartered in Redmond, Washington, founded in 1975. Its software products include the Windows line of operating systems, the Microsoft 365 suite of productivity applications (Word, Excel, PowerPoint), and the Azure cloud computing platform. The company also produces Surface PCs and Xbox game consoles, and owns LinkedIn and GitHub.",https://www.microsoft.com,,,,Redmond,Washington,WA,,US,national,Worldwide,,Windows operating systems | Microsoft 365 productivity suite | Azure cloud computing platform | Surface hardware | Xbox gaming | LinkedIn | GitHub,1975,,,https://www.microsoft.com/en-us/,https://en.wikipedia.org/wiki/Microsoft,"Official site (microsoft.com) verified live; confirms name, software products (Windows, Microsoft 365, Azure, Surface, Xbox) offered by the company. Wikipedia (independent secondary source) confirms the company is headquartered in Redmond, Washington, and founded in 1975.",2026-10-05,high,"Street address not included; official site does not publish a single public headquarters address in the fetched pages. Wikipedia confirms Microsoft campus in Redmond, Washington.",accepted
technology-web-design-001,business,Technology,technology,Web Design,web-design,SmartSites,smartsites,,,"SmartSites is a digital marketing agency headquartered in Paramus, New Jersey, offering website design and development, SEO, PPC, email marketing, and social media services to clients nationwide.","SmartSites is a digital marketing agency headquartered in Paramus, New Jersey, founded in 2011 by Michael and Alex Melen. Its published services include website design and development, search engine optimization, pay-per-click marketing, email and SMS marketing, and social media management. The company states it serves clients in all 50 states and reports over 370 team members.",https://www.smartsites.com,201-870-6000,contact@smartsites.com,"45 Eisenhower Drive, Suite 520",Paramus,New Jersey,NJ,07652,US,national,Clients in all 50 states (U.S.-wide),Mon-Fri 09:00-18:00,Website Design & Development | Search Engine Optimization | Pay Per Click Marketing | Email & SMS Marketing | Social Media Management,2011,,,https://www.smartsites.com,https://www.linkedin.com/company/smartsites | https://www.zoominfo.com/c/smartsites/361299788 | https://www.smartsites.com/blog/top-digital-marketing-agencies-in-new-jersey/,"Official site smartsites.com verified loading; confirmed company name, phone 201-870-6000, founded 2011, address 45 Eisenhower Drive, Suite 520, Paramus, NJ 07652, Mon-Fri 09:00-18:00 hours, and the five listed services. LinkedIn confirmed HQ Paramus, NJ, founded 2011, and web design/SEO/PPC specialties. A company PR release (prdistribution, via financialcontent) confirmed email contact@smartsites.com and the same address/phone.",2026-10-05,high,"The company presents marketing performance figures on its site (revenue tracked, case studies); these were not included as they are marketing claims, not verifiable directory facts. Email contact@smartsites.com appears in the company's PR releases rather than on the homepage; included with source note.",accepted
technology-professionals-ai-engineer-001,professional,Technology,technology-professionals,AI Engineer,ai-engineer,Daniel Brior,daniel-brior,AI Engineer,Sunbeam,"Daniel Brior is an AI engineer at Sunbeam, an autonomous SEO agent built by the San Francisco-based AI company daydream.","Daniel Brior is listed as AI Engineer on Sunbeam's official company page under 'Meet the team.' Sunbeam is described as an autonomous SEO agent built by daydream, an AI-native SEO agency. Daydream is reported as a San Francisco-based company. The company page presents Sunbeam as tackling applied AI challenges including long-horizon reasoning and reliable execution across systems.",https://www.sunbeam.ai/company,,,,San Francisco,California,CA,,US,local,,,,,,,https://www.sunbeam.ai/company,https://www.citybiz.co/article/828296/daydream-raises-15m-to-build-ai-native-seo-aeo-agency/,Official Sunbeam company page (verified loading) lists Daniel Brior as AI Engineer under 'Meet the team.' Citybiz reports daydream (the company that built Sunbeam) as San Francisco-based.,2026-10-05,medium,"Name and AI Engineer title confirmed on Sunbeam's official company page; the San Francisco location reflects the employer's reported base, not the individual's independently verified work location.",accepted
technology-professionals-backend-developer-001,professional,Technology,technology-professionals,Backend Developer,backend-developer,Katherine Michel,katherine-michel,Backend Engineer,Octopus Energy US,"Katherine Michel is a backend engineer at Octopus Energy US, whose United States headquarters is in Houston, Texas.","Katherine Michel is identified as a Backend Engineer at Octopus Energy US in her official speaker biography for DjangoCon US 2021, where she presented a talk on open-source project maintenance. The biography also notes her service as DjangoCon US Website Chair and Co-Chair. Octopus Energy US is headquartered in Houston, Texas.",https://2021.djangocon.us/talks/maintaining-demystified/,,,,Houston,Texas,TX,,US,local,,,,,,,https://2021.djangocon.us/talks/maintaining-demystified/,https://findenergy.com/providers/octopus-energy/,"Official DjangoCon US 2021 talk page (verified loading) bio states: 'Kati is a Backend Engineer at Octopus Energy US.' FindEnergy's provider profile confirms Octopus Energy US headquarters at 114 Main Street, Suite 500, Houston, Texas 77002.",2026-10-05,medium,"Title and employer confirmed on the official DjangoCon US 2021 speaker page; current employment as of 2026 was not independently re-verified, so confidence is medium.",accepted
technology-professionals-cloud-engineer-001,professional,Technology,technology-professionals,Cloud Engineer,cloud-engineer,Anna Tsai,anna-tsai,Cloud Engineer I,Seattle University,"Anna Tsai is a cloud engineer I in Information Technology Services at Seattle University in Seattle, Washington.","Anna Tsai is listed as Cloud Engineer I in Seattle University's official faculty and staff directory, under Information Technology Services. The directory confirms her role on the university's IT team. Seattle University is a private university in Seattle, Washington.",https://www.seattleu.edu/directory/?staffDepartment=information+technology+services,,,,Seattle,Washington,WA,,US,local,,,,,,,https://www.seattleu.edu/directory/?staffDepartment=information+technology+services,https://en.wikipedia.org/wiki/Seattle_University,"Official Seattle University directory (verified loading, filtered to Information Technology Services) lists Anna Tsai as Cloud Engineer I. Wikipedia confirms Seattle University in Seattle, Washington.",2026-10-05,high,No business phone or email published for this individual in the directory listing.,accepted
technology-professionals-cybersecurity-specialist-001,professional,Technology,technology-professionals,Cybersecurity Specialist,cybersecurity-specialist,Darian Sookhai,darian-sookhai,IT Security Analyst,Dominican University,"Darian Sookhai is an IT security analyst in Information Technology at Dominican University in River Forest, Illinois.","Darian Sookhai is listed as IT Security Analyst in Dominican University's official Information Technology staff directory. The directory places him on the university's IT team alongside infrastructure and security leadership. Dominican University is a private university in River Forest, Illinois.",https://www.dom.edu/it/directory?name&department=6072261,,,,River Forest,Illinois,IL,,US,local,,,,,,,https://www.dom.edu/it/directory?name&department=6072261,https://en.wikipedia.org/wiki/Dominican_University,"Official Dominican University IT directory (verified loading) lists Darian Sookhai as IT Security Analyst, Information Technology. Wikipedia confirms Dominican University in River Forest, Illinois.",2026-10-05,high,"The directory shows an email link for this individual but the address text was not visible in the page content, so email is null.",accepted
technology-professionals-data-analyst-001,professional,Technology,technology-professionals,Data Analyst,data-analyst,Sherli Koshy-Chenthittayil,sherli-koshy-chenthittayil,Data Analyst,Touro University Nevada,"Sherli Koshy-Chenthittayil is a data analyst with the Office of Institutional Effectiveness at Touro University Nevada in Henderson, Nevada.","Sherli Koshy-Chenthittayil is listed as Data Analyst in the Research department in Touro University Nevada's official staff directory, with business email skoshy-c@touro.edu and phone (702) 777-8705. Her professional site confirms she works as a Data Analyst with the university's Office of Institutional Effectiveness, advising on research design and providing descriptive and inferential data analysis. Touro University Nevada is in Henderson, Nevada.",https://tun.touro.edu/about-us/contact-us/staff-directory/,(702) 777-8705,skoshy-c@touro.edu,874 American Pacific Drive,Henderson,Nevada,NV,89014,US,local,,,,,,,https://tun.touro.edu/about-us/contact-us/staff-directory/,https://www.sherlikoshyc.com/ | https://en.wikipedia.org/wiki/Touro_University,"Official Touro Nevada staff directory (verified loading; her entry appears under Research in the full directory listing) shows Sherli Koshy-Chenthittayil as Data Analyst, Research, skoshy-c@touro.edu, (702) 777-8705. Her professional site sherlikoshyc.com independently confirms she works as a Data Analyst with the Office of Institutional Effectiveness at Touro University Nevada.",2026-10-05,high,,accepted
technology-professionals-data-scientist-001,professional,Technology,technology-professionals,Data Scientist,data-scientist,Paul Martinez,paul-martinez,Data Scientist,University of Denver,"Paul Martinez, Ph.D., is a data scientist in Institutional Research & Analysis at the University of Denver in Denver, Colorado.","Paul Martinez, Ph.D., is listed as Data Scientist in the University of Denver's Institutional Research & Analysis staff directory, which publishes his business phone and email. He works alongside the university's analytics and institutional research team. The University of Denver is a private university in Denver, Colorado.",https://www.du.edu/ir/directory,303-871-7556,PMartinez@du.edu,,Denver,Colorado,CO,,US,local,,,,,,,https://www.du.edu/ir/directory,https://en.wikipedia.org/wiki/University_of_Denver,"Official DU Institutional Research & Analysis directory (verified loading) lists Paul Martinez, Ph.D., as Data Scientist, phone 303-871-7556, email PMartinez@du.edu. Wikipedia confirms the University of Denver in Denver, Colorado.",2026-10-05,high,,accepted
technology-professionals-database-administrator-001,professional,Technology,technology-professionals,Database Administrator,database-administrator,Rosine Saghian,rosine-saghian,Database Administrator,University of La Verne,"Rosine Saghian is a database administrator in the Office of Information Technology at the University of La Verne in La Verne, California.","Rosine Saghian is listed as Database Administrator in the University of La Verne's official staff and faculty directory for the Office of Information Technology, which publishes her business phone and email. The University of La Verne is a private university located at 1950 Third Street in La Verne, California.",https://www.laverne.edu/directory/person/?department=office-of-information-technology,(909) 448-4335,rsaghian@laverne.edu,1950 Third Street,La Verne,California,CA,91750,US,local,,,,,,,https://www.laverne.edu/directory/person/?department=office-of-information-technology,https://en.wikipedia.org/wiki/University_of_La_Verne,"Official La Verne directory (verified loading) lists Rosine Saghian as Database Administrator, Office of Information Technology, (909) 448-4335, rsaghian@laverne.edu. The directory footer gives 1950 Third Street, La Verne, CA 91750. Wikipedia confirms the University of La Verne.",2026-10-05,high,,accepted
technology-professionals-devops-engineer-001,professional,Technology,technology-professionals,DevOps Engineer,devops-engineer,K'Ron Spar,kron-spar,DevOps Engineer,University of Michigan Library,"K'Ron Spar is a DevOps engineer with HathiTrust at the University of Michigan Library in Ann Arbor, Michigan.","K'Ron Spar is listed as DevOps Engineer in the University of Michigan Library staff directory for the HathiTrust department, with business email kspar@umich.edu. HathiTrust's own team page describes his work supporting the organization's application hosting environments and development team through automated testing, deployment, monitoring, and alerting. HathiTrust is a digital library program operated by the University of Michigan in Ann Arbor.",https://www.lib.umich.edu/about-us/staff-directory/?department=HathiTrust,,kspar@umich.edu,,Ann Arbor,Michigan,MI,,US,local,,,,,,,https://www.lib.umich.edu/about-us/staff-directory/?department=HathiTrust,https://www.hathitrust.org/about/our-team/ | https://en.wikipedia.org/wiki/University_of_Michigan,"Official UMich Library staff directory page (verified loading; directory content is JavaScript-rendered and confirmed via the page's indexed listing) shows K'Ron Spar as DevOps Engineer, HathiTrust, kspar@umich.edu. HathiTrust's official team page independently lists K'Ron Spar as Devops Engineer. Wikipedia confirms the University of Michigan in Ann Arbor.",2026-10-05,high,"The UMich staff directory loads but renders entries via JavaScript, so the entry was confirmed through the official page's search-indexed content plus HathiTrust's own team page.",accepted
technology-professionals-frontend-developer-001,professional,Technology,technology-professionals,Frontend Developer,frontend-developer,Caryl Wyatt,caryl-wyatt,Senior Front-End User Interface Developer,University of Michigan Library,"Caryl Wyatt is a senior front-end user interface developer with HathiTrust at the University of Michigan Library in Ann Arbor, Michigan.","Caryl Wyatt is listed as Senior Front-End User Interface Developer in the University of Michigan Library staff directory for the HathiTrust department, with business email carylw@umich.edu. HathiTrust's own team page describes her as a front end developer focused on the organization's digital library interfaces, including search, online book reading, and collection management. HathiTrust is a digital library program operated by the University of Michigan in Ann Arbor.",https://www.lib.umich.edu/about-us/staff-directory/?department=HathiTrust,,carylw@umich.edu,,Ann Arbor,Michigan,MI,,US,local,,,,,,,https://www.lib.umich.edu/about-us/staff-directory/?department=HathiTrust,https://www.hathitrust.org/about/our-team/ | https://en.wikipedia.org/wiki/University_of_Michigan,"Official UMich Library staff directory page (verified loading; directory content is JavaScript-rendered and confirmed via the page's indexed listing) shows Caryl Wyatt as Senior Front-End User Interface Developer, HathiTrust, carylw@umich.edu. HathiTrust's official team page independently lists Caryl Wyatt as Front End Developer. Wikipedia confirms the University of Michigan in Ann Arbor.",2026-10-05,high,"The UMich staff directory loads but renders entries via JavaScript, so the entry was confirmed through the official page's search-indexed content plus HathiTrust's own team page.",accepted
technology-professionals-full-stack-developer-001,professional,Technology,technology-professionals,Full Stack Developer,full-stack-developer,Tony O'Rourke,tony-orourke,Senior Software Applications Developer,Trinity College,"Tony O'Rourke is a senior software applications developer at Trinity College in Hartford, Connecticut, whose staff bio describes him as a full stack developer.","Tony O'Rourke is listed as Senior Software Applications Developer in Trinity College's Library & Information Technology Services staff directory. His directory biography states that 'Tony is a full stack developer versed in a wide range of technologies,' and he works in the Enterprise Applications & Integrations group. The directory publishes his business email and phone. Trinity College is a liberal arts college in Hartford, Connecticut.",https://trincoll.edu/lits/?p=266,860-297-2135,tony.orourke@trincoll.edu,,Hartford,Connecticut,CT,,US,local,,,,,,,https://trincoll.edu/lits/?p=266,https://en.wikipedia.org/wiki/Trinity_College_(Connecticut),"Official Trinity LITS staff directory (verified loading) lists Tony O'Rourke as Senior Software Applications Developer, tony.orourke@trincoll.edu, 860-297-2135, with bio 'Tony is a full stack developer versed in a wide range of technologies.' Wikipedia confirms Trinity College in Hartford, Connecticut.",2026-10-05,high,,accepted
technology-professionals-machine-learning-engineer-001,professional,Technology,technology-professionals,Machine Learning Engineer,machine-learning-engineer,Owen Salyer,owen-salyer,Machine Learning Engineer,Ohio Supercomputer Center,"Owen Salyer is a machine learning engineer in Scientific Applications at the Ohio Supercomputer Center in Columbus, Ohio.","Owen Salyer is listed as Machine Learning Engineer in the Ohio Supercomputer Center's official staff directory, in the OSC Scientific Applications department, with a published business email. The Ohio Supercomputer Center provides high-performance computing resources and is located at 1224 Kinnear Road in Columbus, Ohio.",https://www.OSC.edu/staff-directory,,osalyer@osc.edu,1224 Kinnear Road,Columbus,Ohio,OH,43212,US,local,,,,,,,https://www.OSC.edu/staff-directory,https://en.wikipedia.org/wiki/Ohio_Supercomputer_Center,"Official OSC staff directory (verified loading) lists Owen Salyer as Machine Learning Engineer, OSC Scientific Applications, osalyer@osc.edu. The directory footer gives 1224 Kinnear Road, Columbus, OH 43212. Wikipedia confirms the Ohio Supercomputer Center.",2026-10-05,high,,accepted
technology-professionals-mobile-app-developer-001,professional,Technology,technology-professionals,Mobile App Developer,mobile-app-developer,Maurice Carrier,maurice-carrier,Senior iOS Developer,Lyrasis,"Maurice Carrier is a senior iOS developer at Lyrasis, a nonprofit library services organization based in Atlanta, Georgia.","Maurice Carrier is listed as Senior iOS Developer in the official Lyrasis staff directory, which also publishes his business phone extension. Lyrasis is a nonprofit membership organization serving libraries, archives, and museums, headquartered in Atlanta, Georgia.",https://lyrasis.org/staff-directory/,(800) 999-8558 ext. 5008,,,Atlanta,Georgia,GA,,US,local,,,,,,,https://lyrasis.org/staff-directory/,https://leadiq.com/c/lyrasis/5a1d87c4240000240061b179,"Official Lyrasis staff directory (verified loading) lists Maurice Carrier as Senior iOS Developer, 800.999.8558 ext. 5008. LeadIQ company profile confirms Lyrasis as a nonprofit based in Atlanta, Georgia.",2026-10-05,high,,accepted
technology-professionals-network-administrator-001,professional,Technology,technology-professionals,Network Administrator,network-administrator,Scott Kelley,scott-kelley,Senior Network Administrator,Touro University Nevada,"Scott Kelley is a senior network administrator in Information Technology at Touro University Nevada in Henderson, Nevada.","Scott Kelley is listed as Senior Network Administrator in Touro University Nevada's official staff directory for the Information Technology department, which publishes his business email and phone. Touro University Nevada is a private university in Henderson, Nevada, and the directory lists the campus at 874 American Pacific Drive.",https://tun.touro.edu/about-us/contact-us/staff-directory/?department=Information+Technology,(702) 777-3218,skelley2@touro.edu,874 American Pacific Drive,Henderson,Nevada,NV,89014,US,local,,,,,,,https://tun.touro.edu/about-us/contact-us/staff-directory/?department=Information+Technology,https://en.wikipedia.org/wiki/Touro_University,"Official Touro Nevada staff directory (verified loading) lists Scott Kelley as Senior Network Administrator, Information Technology, skelley2@touro.edu, (702) 777-3218. The directory footer gives the campus address 874 American Pacific Drive, Henderson NV 89014. Wikipedia confirms Touro University.",2026-10-05,high,,accepted
technology-professionals-qa-engineer-001,professional,Technology,technology-professionals,QA Engineer,qa-engineer,Courtney Dalessandro,courtney-dalessandro,Quality Assurance (QA) Analyst,Lyrasis,"Courtney Dalessandro is a quality assurance (QA) analyst at Lyrasis, a nonprofit library services organization based in Atlanta, Georgia.","Courtney Dalessandro is listed as Quality Assurance (QA) Analyst in the official Lyrasis staff directory, which also publishes her business phone extension. Lyrasis is a nonprofit membership organization serving libraries, archives, and museums, headquartered in Atlanta, Georgia.",https://lyrasis.org/staff-directory/,(800) 999-8558 ext. 4963,,,Atlanta,Georgia,GA,,US,local,,,,,,,https://lyrasis.org/staff-directory/,https://leadiq.com/c/lyrasis/5a1d87c4240000240061b179,"Official Lyrasis staff directory (verified loading) lists Courtney Dalessandro as Quality Assurance (QA) Analyst, 800.999.8558 ext. 4963. LeadIQ company profile confirms Lyrasis as a nonprofit based in Atlanta, Georgia.",2026-10-05,high,,accepted
technology-professionals-software-developer-001,professional,Technology,technology-professionals,Software Developer,software-developer,Bob Boden,bob-boden,Application Developer,Rutgers University–Camden,"Bob Boden is an application developer on the IT staff at Rutgers University–Camden in Camden, New Jersey.","Bob Boden is listed as an Application Developer in the Rutgers University–Camden IT staff directory. The directory places him on the campus information technology team supporting university systems and services. Rutgers University–Camden is a public research university located in Camden, New Jersey.",https://it.rutgers.edu/camden/it-staff-directory/,,,,Camden,New Jersey,NJ,,US,local,,,,,,,https://it.rutgers.edu/camden/it-staff-directory/,https://en.wikipedia.org/wiki/Rutgers_University%E2%80%93Camden,"Official Rutgers–Camden IT staff directory (verified loading) lists Bob Boden as Application Developer. Wikipedia confirms Rutgers University–Camden as a public research university in Camden, New Jersey.",2026-10-05,high,"No business phone or email published for this individual in the directory; only name, title, and office room are listed.",accepted
technology-professionals-software-engineer-001,professional,Technology,technology-professionals,Software Engineer,software-engineer,William Hunter,william-hunter,Software Engineer,Virginia Tech,"William Hunter is a software engineer with University Libraries at Virginia Tech in Blacksburg, Virginia.","William Hunter is listed as Software Engineer in Virginia Tech's official Information Technology Services employee directory for University Libraries. The directory entry includes his campus location at 560 Drillfield Drive in Blacksburg, Virginia, and his business phone. Virginia Tech is a public research university in Blacksburg, Virginia.",https://guides.lib.vt.edu/c.php?g=716956&p=5192990,540-231-2708,,560 Drillfield Drive,Blacksburg,Virginia,VA,24061,US,local,,,,,,,https://guides.lib.vt.edu/c.php?g=716956&p=5192990,https://en.wikipedia.org/wiki/Virginia_Tech,"Official Virginia Tech research guide employee directory (verified loading) lists William Hunter as Software Engineer, University Libraries, 560 Drillfield Drive, Blacksburg, VA 24061, 540-231-2708. Wikipedia confirms Virginia Tech in Blacksburg, Virginia.",2026-10-05,high,,accepted
technology-professionals-system-administrator-001,professional,Technology,technology-professionals,System Administrator,system-administrator,Jason Clark,jason-clark,Senior System Administrator,Touro University Nevada,"Jason Clark is a senior system administrator in Information Technology at Touro University Nevada in Henderson, Nevada.","Jason Clark is listed as Senior System Administrator in Touro University Nevada's official staff directory for the Information Technology department, which publishes his business email and phone. Touro University Nevada is a private university in Henderson, Nevada.",https://tun.touro.edu/about-us/contact-us/staff-directory/?department=Information+Technology,(702) 777-3158,jclark10@touro.edu,874 American Pacific Drive,Henderson,Nevada,NV,89014,US,local,,,,,,,https://tun.touro.edu/about-us/contact-us/staff-directory/?department=Information+Technology,https://en.wikipedia.org/wiki/Touro_University,"Official Touro Nevada staff directory (verified loading) lists Jason Clark as Senior System Administrator, Information Technology, jclark10@touro.edu, (702) 777-3158. Wikipedia confirms Touro University.",2026-10-05,high,,accepted
technology-professionals-web-developer-001,professional,Technology,technology-professionals,Web Developer,web-developer,Kosala Jayawardhane,kosala-jayawardhane,Web Developer & Database Administrator,University of Rochester,"Kosala Jayawardhane is a web developer and database administrator in Information Technology at the University of Rochester's Warner School of Education in Rochester, New York.","Kosala Jayawardhane is listed as Web Developer & Database Administrator in the Warner School of Education staff directory at the University of Rochester. The directory places him in the school's Information Technology department at LeChase Hall and publishes his business email and phone number. The Warner School is the university's graduate school of education and human development in Rochester, New York.",https://www.warner.rochester.edu/staff-directory,(585) 270-0876,kosala@warner.rochester.edu,,Rochester,New York,NY,,US,local,,,,,,,https://www.warner.rochester.edu/staff-directory,https://en.wikipedia.org/wiki/University_of_Rochester,"Official Warner School staff directory (verified loading) lists Kosala Jayawardhane as Web Developer & Database Administrator in Information Technology, with email kosala@warner.rochester.edu and phone (585) 270-0876. Wikipedia confirms the University of Rochester in Rochester, New York.",2026-10-05,high,,accepted
